ID;Grenze;2021 — Nr.;2021 — Fotos;2021 — GPS;1569 (1580) — Nr.;1569 (1580) — Jahr;1569 (1580) — groß/ klein;1569 (1580) — Farbe;1569 (1580) — Wappenschild;1569 (1580) — Rad;1569 (1580) — b;1569 (1580) — Kreuz oben;1569 (1580) — Rückseite;1569 (1580) — sonstiges;1608 — Nr.;1608 — Jahr;1608 — groß/klein;1608 — Farbe;1608 — Wappen;1608 — Rad;1608 — b;1608 — Kreuz oben;1608 — Rückseite;1608 — Ruthen zum vorherigen (Fränkische Werkrute 3,65m);1608 — Meter zum vorherigen;1608 — sonstiges;1683 — Nr.;1683 — Jahr;1683 — groß/klein;1683 — Farbe;1683 — Wappen;1683 — Rad;1683 — b;1683 — Kreuz oben;1683 — Rückseite;1683 — Ruthen zum vorherigen (Fränkische Werkrute 3,65m);1683 — Meter zum vorherigen;1683 — sonstiges;1700 — Nr.;1700 — Jahr;1700 — groß/klein;1700 — Farbe;1700 — Wappen;1700 — Rad;1700 — b;1700 — Kreuz oben;1700 — Rückseite;1700 — Ruthen zum vorherigen (Fränkische Werkrute 3,65m);1700 — Meter zum vorherigen;1700 — sonstiges;1749 — Nr.;1749 — Jahr;1749 — groß/klein;1749 — Farbe;1749 — Wappen;1749 — Rad;1749 — b;1749 — Kreuz oben;1749 — Rückseite;1749 — Ruthen zum vorherigen (Fränkische Werkrute 3,65m);1749 — Meter zum vorherigen;1749 — sonstiges;1872 — Nr.;1872 — Jahr;1872 — groß/klein;1872 — Farbe;1872 — Wappen;1872 — Rad;1872 — b;1872 — Kreuz oben;1872 — Rückseite;1872 — Ruthen zum vorherigen (Neue Badische Rute 3,00m);1872 — Meter zum vorherigen;1872 — sonstiges;Grenzberichtigungen 1887-93 — Nr.;Grenzberichtigungen 1887-93 — Jahr;Grenzberichtigungen 1887-93 — groß/klein;Grenzberichtigungen 1887-93 — Farbe;Grenzberichtigungen 1887-93 — Wappen;Grenzberichtigungen 1887-93 — Rad;Grenzberichtigungen 1887-93 — b;Grenzberichtigungen 1887-93 — Kreuz oben;Grenzberichtigungen 1887-93 — Rückseite;Grenzberichtigungen 1887-93 — Ruthen zum vorherigen (Neue Badische Rute 3,00m);Grenzberichtigungen 1887-93 — Meter zum vorherigen;Grenzberichtigungen 1887-93 — sonstiges;Großrinderfelder Grenzbegehung 1784 — Nr;Großrinderfelder Grenzbegehung 1784 — Jahr;Großrinderfelder Grenzbegehung 1784 — Ruthen (Achtung: GRF geht in die andere Richtung!);Großrinderfelder Grenzbegehung 1784 — Meter;Großrinderfelder Grenzbegehung 1784 — Beschreibung
1;Dittigheim;154;https://photos.app.goo.gl/QAfqAcmV56awdJLj7;N 49.61672139 E 9.66898306;1;;g;rot;;x;3;;D;nahe der Tauber auf einer Wiese;1;;hoch;rot;x;x;3;x;D Schild;?;;uff der Dittinger Pfadt Wiesen gegen und allernechst der Tauber;1;;;;x;x;3;;D;?;;ahn der Dittigheimer Pfarr Wießen;1;;alt;rot;;;1;x;D;?;;unkenntliche Jahrzahl;1;;;;;;;;;?;;ahn der Tauber/ der erste Stein soll nachgesucht werden;20;1841;;;;x;3;x;D.G. 1841;?;;von hier (hier scheidt die Tauber) aus bis zum Gemarkungsstein links der Tauber auf dem Damm wurde nicht gemessen, also zu N.20 im Daubhaus;68;1841;Eckstein;weiß;;x;3;x;D.H.;?;;rechts abwärts am Daubhaus am Wiesenweg / von Stein 67 bis zu 68, welcher auf dem linken Tauberufer auf dem Damm steht, scheidet die Taubermitte die Gemarkungsgrenze und wurde nicht eingemessen.;;;;;
2;Dittigheim;153;https://photos.app.goo.gl/qsdyoYyrMCzFf8mU8;N 49.61636970 E 9.66777061;;;;;;;;;;;2;;;;;;;x;;27;98.55;In der Wießen zwischen dem Gottshaus zu Ditingen und Hanß Wagners von Bischoffsheim wießen, tief gelegener Stein;2;1655;hoch;rot;;x;3;;;26;94.89999999999999;Anstößer die Gotteshauswiesen und Wilhelm Eckert;2;1655;hoch;rot;;x;;;-;26;94.89999999999999;;2;1655;groß;rot;;;3;;;24;87.6;auf Gotteshaus Wiesen und Michel Eibes (?) von Dittigheim;21;1836;;weiß;;x;3;;D.G.;33;100.65;Eckstein / links vor am Dittigheimer Vicinalweg;69;1836;Eckstein;weiß;;x;3;;D.H.;33;100.65;links oberhalb des Wiesenweg vor am Vizinalweg, Eckstein am Bögnersgraben;;;;;
3;Dittigheim;;;;;;;;;;;;;;;;;;;;;;;;;;;;;;;;;;;;;;;;;;;;;;;;;;;;;;;;;;;;;;;;;;;;;;;;;;70;;Lauferstein;weiß;;;GB;;G.D.;18;54.9;rechts abwärts an Wiesen und Weg;;;;;
4;Dittigheim;;;;2;;;;;x;;;D;zwischen Hans Schmidts Acker und Dittigh. Gotteshaus Acker;;;;;;;;;;;;;;;;;;;;;;;;;;;;;;;;;;;;;;;;;;;;;;;;;22;;;weiß;;;;;D-Schild;26;78.45;rechts hinab neben dem Dittigheimer Vicinalweg, rechts am Weg;70.5;;Lauferstein;weiß;;;;;D-Schild;8;23.7;Lauferstein im Bogen, abwärts gegen Bischofsheim rechts des Wegs;;;;;
5;Dittigheim;;;;;;;;;;;;;;;;;;;;;;;;;;;;;;;;;;;;;;;;;;;;;;;;;;;;;;;;;;;;;;;;;;;;;;;;;;71;;Lauferstein;weiß;;;GB;;G.D.;11;34.35;rechts abwärts am Dittigheimer Vizinalweg, neben Fürst. Leinischen Wiesen;;;;;
6;Dittigheim;;;;;;;;;;;;;;3;1575;;;;x;;x;D Schild;23;83.95;hinauß einer, daran noch über andern geleint (?) geweßen, einem Creütz gleich gegen dem Höhberg mit einem Rath, und beyder Seits Jahr Zahll 1575. Gegen Ditingen aber einem D in einem Schilt, oben einem Creütz, neben Niclauß Kremer, und dem Ditinger Heiligen Acker,;3;1575;;weiß;;x;;;D;23;83.95;weißer Stein, daran noch einer gelehnt. Zwischen dem Gotteshaus Dittigheim und dem Spithal.;3;1575;;weiß;;;1;;1575;23;83.95;;3;1575;;;;x;;;D 1575 Leuchtenberg Wappen;21;76.64999999999999;;23;1843;;rot;;x;3;;Inschrift, Jahrzahl 1843;31;93.9;Eckstein / abwärts am Vicinalweg Dittigheim;72;1843;Lauferstein;rot;;x;3;;Inschrift & 1843;12;37.2;gegen Bischofsheim am Dittigheimer Vizenalweg rechts neben den Wiesen;;;;;
7;Dittigheim;;;;;;;;;;;;;;;;;;;;;;;;;;;;;;;;;;;;;;;;;;;;;;;;;;;;;;;;;;;;;;;;;;;;;;;;;;73;1843;Eckstein;rot;;x;3;;Inschrift & 1843;12;37.2;gegen Bischofsheim am Dittigheimer Vizenalweg rechts neben den Wiesen;;;;;
8;Dittigheim;151;https://photos.app.goo.gl/ZaSWAjNXhLC2oPf9A;N 49.61650916 E 9.66405993;;;;;;;;;;;3,5;1667 (?);;;;;;;;;;Nachtrag vom 15.10.1667: Not: dem 15. Octobr. ao 1667 ist dem Hospitahl alhier zwischen diesem und folgendem Märcker ein Stein gesetzt und mit Bischofshei- mer und Dittigkheimer Recht durch beyderseits Landschieder versehen worden;;;;;;;;;;;;;;;;;;;;;;;;;;;;;;;;;;;;;24;1864;;rot;;x;3;;Inschrift, 1864;49;147;Eckstein / links gegen den Höhberg, am Ackergewann hinauf;74;1864;Eckstein;rot;Inschrift;x;3;;Inschrift & 1864;63;160.65;links das Ackergewann hinauf gegen Höhberg;;;;;
9;Dittigheim;154.4 (evtl.);https://photos.app.goo.gl/jXHhnoyPZ1NjiKxw8;? (steht heute vor dem Schloß);;;;;;;;;;;4;1575;hoch;rot;;x;;x;D Schild;28;102.2;Furder ein Roder hoher Stein gegen Bischofsheim mit einem Rath, Ditingen D. in einem Schilt und Jahr Zahl 1575. Oben einem Creütz;4;1575;;rot;;x;;x;D Schild 1575;28;102.2;an dem Hencklitz (?) Acker;4;1575;;rot;;x;1;x;D 1575;28;102.2;;4;1575;gewölbt;rot;;x;;;1575;26;94.89999999999999;Anst(ößer): der Weeg und Hencklains (?) Güth;25;1569;;rot;;x;3;;D-Schild;25;75.75;Eckstein / rechts an der Anwande vor;75;1569;Eckstein;rot;;x;3;;D;47;141.9;in der Ackergrenze rechts vor am Dittigheimer Vizinalweg;;;;;
10;Dittigheim;;;;;;;;;;;;;;;;;;;;;;;;;;;;;;;;;;;;;;;;;;;;;;;;;;;;;;;;;;;;;;;;;;;;;;;;;;76;;Lauferstein;weiß;;;GB;;G.D.;19;56.4;links gegen Höhberg am Dittigheimer Vizinalweg und Ackerfeld;;;;;
11;Dittigheim;;;;;;;;;;;;;;;;;;;;;;;;;;;;;;;;;;;;;;;;;;;;;;;;;;;;;;;;;;;;;;;;;;;;;;;;;;77;;Lauferstein;weiß;;;GB;;G.D.;5;15.3;gegen Höhberg links am Dittigheimer Vizinalweg;;;;;
12;Dittigheim;;;;;;;;;;;;;;;;;;;;;;;;;;;;;;;;;;;;;;;;;;;;;;;;;;;;;;;;;;;;;;;;;;;;;;;;;;78;;Eckstein;weiß;;;GB;;G.D.;4;11.55;gegen Höhberg links des Dittigheimer Vizinalweg;;;;;
13;Dittigheim;154.2 oder 154.3;https://photos.app.goo.gl/PtZt7yHiPJm3tfbR7 oder https://photos.app.goo.gl/JF7ktm38e5qcWDHJA;? (steht heute im Schloß);;;;;;;;;;;4,5;1667 (?);;;;;;;;;;Nachtrag: deßgleichen eod: die et anno ?: Hospitahl zwischen diesem und folgendem Märcker mehr ein Stein gesetzt und mit Bischofshei- mer und Dittigkheimer Recht durch beyderseits Landschieder versehen worden;;;;;;;;;;;;;;;;;;;;;;;;;;;;;;;;;;;;;26;1569;;weiß;;x;;;D-Schild;52;156.9;links hinauf über das Ackerfeld, am Fuße des Höhbergs;79;1569;Eckstein;weiß;;x;;;D & 1569;11;32.4;rechts gegen Bischofsheim am Dittigheimer Vizinalweg, links;;;;;
14;Dittigheim;150;https://photos.app.goo.gl/Do13rYVThGztQ81o9;N 49.61709139 E 9.66198500;;;;;;;;;;;;;;;;;;;;;;;;;;;;;;;;;;;;;;;;;;;;;;;;;;;;;;;;;;;;;;;;;;;;;;;80;;Lauferstein;weiß;;;G.B.;;GD;2;7.2;am Eisenbahndamm gegen Höhberg, links;;;;;
15;Dittigheim;149;https://photos.app.goo.gl/FEEF9szkhPc6CXVo8;N 49.61696306 E 9.66090139;;;;;;;;;;;;;;;;;;;;;;;;;;;;;;;;;;;;;;;;;;;;;;;;;;;;;;;;;;;;;;;;;;;;;;;81;;Lauferstein;weiß;;;GB;;G.D.;10;30;von 80 bis 81 über den Bahndamm wurde nicht gemessen, vom Bahndamm links unten am Fuß wurde gemessen bis 81;;;;;
16;Dittigheim;148 (unsicher);https://photos.app.goo.gl/M6usfpCcoEH4av8J8;N 49.61711663 E 9.66049672;3;1585;;;;x;;;D;"am Höhberg; Jahreszahl nachträglich ergänzt";5;1585;;;x;x;3;x;D Schild;42;153.29999999999998;Recht die Forchtt hinaufs dem Höhberg zu uff einem Reinlin, gegen der Statt mit einem Verschiltem Rath und Dreiren B, Ditingen aber einem beschiltem D. und Jahrzahl 1585. Oben einem Creütz, zwischen Casphar Wideman, und Andres Weinig;5;1585;;rot;x;x;3;x;D;42;153.29999999999998;an Hannß Georg Vogellß Hospithalmeisters Acker;5;1585;;rot;;x;3;;D;42;153.29999999999998;;5;1585;;rot;;x;;;???;38;138.7;Anst(ößer): Hl. Chandelle (?) und das Hofguth, dittigheimer seits ahn den ? Valtin Meyen von Dittigheim;27;1863;;rot;;x;3;;Inschrift;35;106.5;links hinter, am Fuße des Höhbergs, über die Eisenbahnlinie gemessen gegen den Sand;82;;Lauferstein;rot;Inschrift;x;3;;Inschrift;9;26.4;am Fuß des Höhberg;;;;;
17;Dittigheim;;;;;;;;;;;;;;;;;;;;;;;;;;;;;;;;;;;;;;;;;;;;;;;;;;;;;;;;;;;;;;;;;;;;;;;;;;83;;Lauferstein;weiß;;;G.B.;;G.D.;12;35.25;am Fuß des Höhbergs;;;;;
18;Dittigheim;;;;4;;;;;x;;;D;am Weg wider Balthes Blatz Acker;6;1569;;;;x;;;D Schild;22;80.3;Am Weg oben Casphar Wideman und unden des Wegs Spitall Feldt, ein Stein gegen Bischoff- heim mit einem Rath und Jahr Zahll 1569. Diting aber einem Schilt und D. am Rain, Weg und Landtwehr;6;1569;;weiß;;x;;;D;21.25;77.5625;an Hannß Jörg Schulzens und Spithal Acker;6;1569;;weiß;x;x;;;D 1569;21.25;77.5625;;6;1569;;weiß;;x;;;leüchtenberg Wappen;20;73;Anst(ößer): zwischen Hl. Chandelle (?) und Bisch.  Hofguth;28;1569;;weiß;;x;3;x;D-Schild;26;79.2;hinter am Fuße des Höhbergs;84;;Lauferstein;weiß;;x;3;x;D-Schild & 1569;20;61.5;am Fuße des Höhbergs;;;;;
19;Dittigheim;;;;5;;;;;x;;;D;"am Höhberg; wider die Erlen hinauf, oben bei Landwehr";7;1569;;;x;x;;;D Schild;43;156.95;Über die Äcker hinauff gegen der Landtwehr uff einem Rain, vornen am Höberg, gegen Bischoffsheim mit einem geschilten Rath, Diting aber einem geschilten D. und beyderseits Jahrzahl 1569. Oben anstößer Hironymus Seubert (?);7;1569;;weiß;;;;;D Schild;44;160.6;gegen dem Landwehr im Rain voran am Höhberg auf Andres Müllers Krauthfeld;7;1569;;weiß;x;;x;;D 1569;44;160.6;;7;1569;;weißer Sandstein;;x;3;x;leüchtenberg Wappen;41;149.65;Anst(ößer): Philipp A? von Dietwar, am Höhebergs Eck bey dem Landgraben;29;;;weiß;;x;3;;;26;80.7;am Fuße des Höhbergs;85;;Lauferstein;rot;;x;3;;;21;63.3;hinten am Fuß des Höhbergs;;;;;
20;Dittigheim;146;https://photos.app.goo.gl/XoktZHHExa6FHNRB7;N 49.61610282 E 9.65682566;6;1497;;;;2x;;;1497;von Dannen hinauf auch den Höhberg uff Dittwar zu bei Mathes Haimerichs und Vogleren Acker ist ein alter Stein aufgericht worden;8;1497;;;;3x;3;;;96;350.4;Recht under dem Höberg ein Stein mit 3 (?) Räthern und 3 B Sodan Jahrzall 1497. Unden anstößer Wilhelm Zheitböß,;8;1655;hoch;rot;;x;;;;100;365;recht unter dem Höheberg, unten Hannß Gehrigß Weinberg;8;1655;;rot;;x;x;;;100;365;gleich unterm Höhberg;8;1655;gewölbt;rot;;x;;x;;96;350.4;ahn einer Anhöhe unten am Höheberg, anst.: Paul Weinig;30;1655;;rot;;x;3;;;29;89.1;am Fuße des Höhbergs;86;1655;Eckstein;rot;;x;3;;;30;88.8;hinten am Fuß des Höhbergs;;;;;
21;Dittigheim;;;;;;;;;;;;;;;;;;;;;;;;;;;;;;;;;;;;;;;;;;;;;;;;;;;;;;;;;;;;;;;;;;;;;;;;;;87;;Eckstein;weiß;;;G.B.;;G.D.;8;24;rechts Ackergewann abwärts;;;;;
22;Dittigheim;;;;;;;;;;;;;;;;;;;;;;;;;;;;;;;;;;;;;;;;;;;;;;;;;;;;;;;;;;;;;;;;;;;;;;;;;;88;;Eckstein;weiß;;;G.B.;;G.D.;22;67.2;links Ackergewann hinaus am Pfarracker;;;;;
23;Dittigheim;xx7 (unsicher);https://photos.app.goo.gl/YnKG4KzfiL8PNKAw5;? (verschwunden, nur noch Skizze vorhanden);;;;;;;;;;;;;;;;;;;;;;;;;;;;;;;;;;;;;;;;;;;;;;;;;;;;;;;;;;;31;1845;;rot;;x;3;;Inschrift;28;84;rechts abwärts am Dittwarer Weg (Bachfluhrweg) / NB: von 31 bis 40 scheidt Dittwarer Weg die Gemarkungsgrenze;89;1845;Eckstein;rot;Inschrift;x;3;;Inschrift;10;30;rechts abwärts am Dittwarer Weg (Bachflurweg) / vom Stein 89 bis mit Stein 107 scheiden der Dittwarer Weg (Bachflurweg) die Gemarkungsgrenze Bischofsheim und Dittigheim und die Gemeinden Bischofsheim und Dittigheim haben den Bachflurweg miteinander zu unterhalten;;;;;
24;Dittigheim;154.3 oder 154.2;https://photos.app.goo.gl/JF7ktm38e5qcWDHJA  oder https://photos.app.goo.gl/PtZt7yHiPJm3tfbR7;? (steht heute im Schloß);7;;;;;x;;;D;"am Höhberg; herab am Dittwarer Weg, des Spitals und Hans R... Acker";9;1569;;;;x;;;D;23;83.95;Herunder am Ditinger Weg und oben neben Hanß Kandenberger, ein Stein , gegen der Statt mit einem Rath, und hübers einem D. Jahrzahl 1569;9;1569;;weiß;;x;;;D;23;83.95;am Höhberg, auf Michael Lippen Acker des Jugen;9;1569;;weiß;;x;x;;D;24;87.6;...Höhberg.../ NB: Hier ist ein neuer Zwischenstein zu setzen;9;1569;;weiß;x;x;;;;22;80.3;Anst.: Leonhard Höningers Acker;32;1569;;weiß;;x;;;D-Schild;50;151.65;hinauf am Weg, links;90;1569;Lauferstein;weiß;;x;3;;D-Schild & 1569;50;151.6;Bachflurweg hinauf, rechts des Wegs;;;;;
25;Dittigheim;;;;;;;;;;;;;;;;;;;;;;;;;;;;;;;;;;;;;;;;;;;;;;;;;;;;;;;;;;;;;;;;;;;;;;;;;;91;;Lauferstein;weiß;;;G.B.;;G.D.;22;66.6;am Bachflurweg hinauf links des Wegs am Rain;;;;;
26;Dittigheim;145;https://photos.app.goo.gl/kjdMNSwDjMTvQ7Nr9;N 49.61337550 E 9.65136191;;;;;;;;;;;;;;;;;;;;;;;;;;;;;;;;;;;;;;;;;;;;;;;;;;;;;;;;;;;33;1863;;rot;;x;3;;Inschrift;50;152.4;hinauf , rechts am Weg, oben im Rain;92;1863;Lauferstein;rot;Inschrift;x;3;;Inschrift & 1863;28;85.65;am Bachflurweg hinauf links des Wegs oben am Ackerfeld am Rain;;;;;
27;Dittigheim;;;;;;;;;;;;;;;;;;;;;;;;;;;;;;;;;;;;;;;;;;;;;;;;;;;;;;;;;;;;;;34;1863;;rot;;x;3;;Inschrift;51;154.35;am Weg hinauf, links des Wegs;93;1863;Lauferstein;rot;Inschrift;x;3;;Inschrift;51;154.35;am Bachflurweg hinauf rechts am Weg;;;;;
28;Dittigheim;;;;;;;;;;;;;;;;;;;;;;;;;;;;;;;;;;;;;;;;;;;;;;;;;;;;;;;;;;;;;;;;;;;;;;;;;;94;;Lauferstein;weiß;;;GB;;G.D.;26;79.2;am Bachflurweg hinauf, links am Rain des Wegs;;;;;
29;Dittigheim;;;;8;;;;;;;x;;den Dittwarer Weg hinauf stehen 2 Stein, nur Wurf voneinander;10;;klein;;;;;x;;166;605.9;Mitten im Dietwahrer Weg ein Kleiner Stein oben mit einem Creütz;10;;klein;;;;;x;;170;620.5;mitten im Dittwarer Weg, zwischen dem Distelhäuser Pfarracker und Herrn Centgrafs / NB: soll zwischen obigen und diesen ein neuer gesetzt werden;10;;rau;weiß;;;;x;;166;605.9;mitten im Dittwarer Weg / NB: Soll einer dazwischen gesetzt werden;10;;gewölbt;weiß;x;x;3;;3 D;160;584;mitten im Weg stehend / Anst.: Distelhäuser Pfarr Acker, dann Andreas Laninger von Bisch.;35;;;weiß;;;;;;53;160.5;am Dittwarer Weg, mitten im Weg, sehr tief. Steht in der Linie der Ackergrenze des Joseph Wörner und Albert Ulsamer von Bischofsheim;95;;Lauferstein;weiß;;;B;;D;27;81.6;am Bachflurweg hinauf rechts des Wegs am Joseph Weimer Ackergrenze;;;;;
30;Dittigheim;;;;;;;;;;;;;;;;;;;;;;;;;;;;;;;;;;;;;;;;;;;;;;;;;;;;;;;;;;;;;;;;;;;;;;;;;;96;;Lauferstein;weiß;;;G.B.;;G.D.;23;68.7;am Bachflurweg hinauf, links des Wegs im Rain;;;;;
31;Dittigheim;144;https://photos.app.goo.gl/hEmcHAfz3cayWDeY9;N 49.60574639 E 9.64533139;;;;;;;;;;;;;;;;;;;;;;;;;;;;;;;;;;;;;;;;;;;;;;;;;;;;;;;;;;;36;1844;;rot;;x;3;;Inschrift;60;182.55;am Dittwarer Weg, rechts oben im Rain;97;1844;Lauferstein;rot;Inschrift;x;3;;Inschrift;38;114.3;am Bachflurweg hinauf, links des Wegs im Rain;;;;;
32;Dittigheim;;;;9;;;;;;;x;;den Dittwarer Weg hinauf stehen 2 Stein, nur Wurf voneinander;11;;;;;;;;;?;;ist übergangen und übersehen worden;;;;;;;;;;;;;;;;;;;;;;;;;;;;;;;;;;;;;37;1655;;rot;;x;3;x;;48;146.7;am Dittwarer Weg, rechts oben im Rain;98;1655;Lauferstein;rot;;x;3;;;49;146.7;am Bachflurweg hinauf, links des Wegs im Rain;;;;;
33;Dittigheim;143;https://photos.app.goo.gl/oQbvuMgJQAXwEWL3A;N 49.60443472 E 9.64492000;10;;;;;x;;;D;oben im Eck bei den Pfarrwiesen, obenandiges Wegs am Rain;12;1569;;;;x;;x;;?;;Am Rain und weg gegen der Statt mit einem Rath, und oben einem K. beyderseiths Jahrzahll 1569. Unden Anwender Steffan Vogell mit einem Ackher. so zuvor die Pfarswiesen geweßen, Oben daß Spithall. Ist wegen übersehenen Steins nit gemeßen worden, und bis zu Findung deßelben eingestellt.;;;;;;;;;;;;;;;;;;;;;;;;;;;;;;;;;;;;;38;1841;;rot;;x;3;;D.G.;56;170.7;am Dittwarer Weg, rechts oben im Rain;99;1841;Lauferstein;rot;;x;3;;GD;57;170.7;hinauf am Bachlurweg, rechts des Wegs;;;;;
34;Dittigheim;;;;;;;;;;;;;;;;;;;;;;;;;;;;;;;;;;;;;;;;;;;;;;;;;;;;;;;;;;;;;;;;;;;;;;;;;;100;;Lauferstein;weiß;;;GB;;G.D.;33;99.9;links im Rain, am Bachflur Weg hinauf;;;;;
35;Dittigheim;;;;;;;;;;;;;;;;;;;;;;;;;;;;;;;;;;;;;;;;;;;;;;;;;;;;;;;;;;;;;;;;;;;;;;;;;;101;;Lauferstein;weiß;;;GB;;G.D.;38;112.8;am Bachflurweg hinauf, rechts des Wegs (Hussenäcker);;;;;
36;Dittigheim;;;;11;;;;;x;;;D;ober dem Weiler am Rain, nicht weit vom Weg;13;;;;;x;;x;D;87;317.55;Am Rain, ein Stein gegen der Wießen herab mit  einem Rath, abwendig einem D. und oben einem Creütz, Anwender Barthell Rößer von Kenigheim und Hanß Vogell.;11;;abgestoßen;rot;;;3;x;;262;956.3;ober des Wegs;11;;;rot;;x;3;x;;252;919.8;;11;;;rot;;x;3;x;3 D;242;883.3;steht auf Acker Martin Geuigs (?) Acker ohnweit des Wegs;39;1844;;rot;;x;3;;Inschrift;88;264;am Dittwarer Weg, rechts oben im Rain;102;1844;Lauferstein;rot;Inschrift;x;3;;Inschrift & 1844;18;53.25;am Bachflurweg hinauf links ober dem Rain;;;;;
37;Dittigheim;;;;12;;;;;;;x;;auf Barthel Heusers, dem Müllers, Wiese, nicht weit von der Bach, gegen den Weiler zu;14;;;;;;;x;;14;51.1;Recht herab uff Hanß Vogellß Wißen, ein Stein oben mit einem Neu gehauenen Creütz.;12;;neu;weiß;;;;x;;13;47.449999999999996;fürder hinab auf der Wiesen bey der Bach;12;-;;rot;;;;x;D Schild;14;51.1;;12;;;rot;x;x;3;;3 D;13;47.449999999999996;Anst.: Valtin Lang von Dietwar;40;1844;;rot;;x;3;;D.G.;54;164.85;Eckstein / am Dittwarer Weg, rechts oben im Rain;103;1844;Lauferstein;rot;;x;3;;DH;55;164.85;am Bachflurweg hinauf, links ober dem Rain;;;;;
38;Dittigheim;;;;;;;;;;;;;;;;;;;;;;;;;;;;;;;;;;;;;;;;;;;;;;;;;;;;;;;;;;;;;;41;1863;;rot;;x;3;;Inschrift;15;46.8;Eckstein / rechts hinab in den Dittwarer Wiesen;104;;Lauferstein;weiß;;;GB;;G.D.;22;66;am Bachflurweg hinauf gegen Dittwar, links im Rain;;;;;
39;Dittigheim;;;;;;;;;;;;;;;;;;;;;;;;;;;;;;;;;;;;;;;;;;;;;;;;;;;;;;;;;;;;;;;;;;;;;;;;;;105;;Lauferstein;weiß;;;GB;;G.D.;11;33.45;am Bachflurweg hinauf gegen Dittwar, links im Rain;;;;;
40;Dittigheim;;;;;;;;;;;;;;;;;;;;;;;;;;;;;;;;;;;;;;;;;;;;;;;;;;;;;;;;;;;;;;;;;;;;;;;;;;106;;;weiß;;;G.B.;;G.D.;11;33;am Bachflurweg hinauf gegen Dittwar, links im Rain;;;;;
41;Dittigheim;;;;;;;;;;;;;;;;;;;;;;;;;;;;;;;;;;;;;;;;;;;;;;;;;;;;;;;;;;;;;;;;;;;;;;;;;;107;;Eckstein;weiß;;;G.B.;;G.D.;11;31.8;am Bachflurweg hinauf gegen Dittwar, rechts unten am Ackerfeld, oben am Rain;;;;;
42;Dittigheim;;;;;;;;;;;;;;;;;;;;;;;;;;;;;;;;;;;;;;;;;;;;;;;;;;;;;;;;;;;;;;;;;;;;;;;;;;108;;Eckstein;;;;;;;21;61.8;rechts abwärts gegen die Bach an der Wiesengrenze;;;;;
43;Dittigheim;;;;;;;;;;;;;;;;;;;;;;;;;;;;;;;;;;;;;;;;;;;;;;;;;;;;;;;;;;;;;;;;;;;;;;;;;;109;;Eckstein;;;;;;;3;9.31;die Wiesengrenze aufwärts gegen Dittwar;;;;;
44;Dittigheim;;;;;;;;;;;;;;;;;;;;;;;;;;;;;;;;;;;;;;;;;;;;;;;;;;;;;;;;;;;;;;42;;;weiß;;x;3;;Schild 3D;73;220.95;links hinauf gegen Dittwar, in den Dittwarer Wiesen, rechts der Bach;110;;Eckstein;;;;;;;3;9.51;die Wiesengrenze rechts abwärts gegen den Bach / vom Eckstein 110 bis Bachmitte 6 Meter, von hier aus bis Dreimärker hinauf scheidt die Bachmitte die Gemarkungsgrenze.;;;;;
45;Dittigheim;;;;;;;;;;;;;;;;;;;;;;;;;;;;;;;;;;;;;;;;;;;;;;;;;;;;;;;;;;;;;;;;;;;;;;;;;;111;;;;;x;3;;;;;Die Gemarkungssteine 111, 112, 113 und 114 sind Rückmarken, 6 Meter von der Bachmitte entfernt, stehen auf den Dittigheimer Wiesen;;;;;
46;Dittigheim;;;;;;;;;;;;;;;;;;;;;;;;;;;;;;;;;;;;;;;;;;;;;;;;;;;;;;;;;;;;;;;;;;;;;;;;;;112;;;;;;GB;;;;;;;;;;
47;Dittigheim;;;;;;;;;;;;;;;;;;;;;;;;;;;;;;;;;;;;;;;;;;;;;;;;;;;;;;;;;;;;;;;;;;;;;;;;;;113;;;;;;GB;;;;;;;;;;
48;Dittigheim;;;;;;;;;;;;;;;;;;;;;;;;;;;;;;;;;;;;;;;;;;;;;;;;;;;;;;;;;;;;;;;;;;;;;;;;;;114;;;;;;GB;;;;;;;;;;
49;Dittigheim;;;;;;;;;;;;;;;;;;;;;;;;;;;;;;;;;;;;;;;;;;;;;;;;;;;;;;;;;;;;;;43;1843;;rot;;x;3;;Inschrift;59;179.4;hinauf in den Dittwarer Wiesen, links der Bach, auf den Aerarischen Wiesen;115;1863;;rot;Inschrift;;3;;;;;steht auf Bischofsheimer Wiese, auf der Wiese Stabhalter Wöppel von Hof Steinbach;;;;;
50;Dittigheim;;;;;;;;;;;;;;;;;;;;;;;;;;;;;;;;;;;;;;;;;;;;;;;;;;;;;;;;;;;;;;;;;;;;;;;;;;116;;;;;;GB;;;;;116-117 stehen auf Dittigheimer Wiesen, 6 Meter zur Bachmitte entfernt;;;;;
51;Dittigheim;;;;;;;;;;;;;;;;;;;;;;;;;;;;;;;;;;;;;;;;;;;;;;;;;;;;;;;;;;;;;;;;;;;;;;;;;;117;;;;;;GB;;;;;;;;;;
52;Dittigheim / Dittwar;;;;13;;;;;x;3;;D / gegen Dittwar Schild und nichts darin;3-Märker/ ober dem Dittwarer Weg zur rechten Hand auf Georg Webers Wiese gegen Wieselberg;15;1569;;;;x;3;;D / gegen Dittwar leidiges Schild;168;613.1999999999999;3-Märker / Ufs Jorg (?) Webers Wießen nechst der Bach ein Dreyeckhiger Stein gegen Bischoffsheim und dem  Wißelberg zu mit einem Rath, und 3 B. Dem Höberg aber D. und naher Dietwahr einem leidigem Schiltlein Jahrzahll 1569.;13;1569;;;;;;;;179;653.35;3-Märker / drey eckiger Stein, auf Kilian Raugen zu Dittwar Wiesen / NB: soll hinzwischen ein neuer gesetzt werden;13;1569;;;;x;;;D 1569;?;;3-Märker;13;;Sandstein;;;;;x;;169;616.85;3-Märker / neben dem Weg zu Willetzheim;44;1836;;weiß;;x;3;x;D.G. / D.W.;86;260.25;3-Märker / hinauf am Dittwarer Wehr / NB: Dreimärker wird versetzt am 26.11.1887 abwärts gegen Bischofsheim, an die Wiesengrenze, 6.3 Meter (die oben angegebenen Entfernungen sind schon die aktualisierten);118 / 1;1836;dreieckig;weiß;;x;3;x;D.H. / D.W.;;;3-Märker / steht oben am Dittwarer Wehr rechts der Unbefahrbn. Brücke, an der Wiesengrenze / vom Dittwarer Wehr versetzt abwärts gegen Bischofsheim 6.3m;;;;;
53;Dittwar;;;;;;;;;;;;;;;;;;;;;;;;;;;;;;;;;;;;;;;;;;;;;;;;;;;;;;;;;;;;;;;;;;;;;;;;;;2;;Eckstein;weiß;;x;3;;DW;17;52.05;hinauf an der Wiesengrenze, am Dittwarer Weg;;;;;
54;Dittwar;;;;;;;;;;;;;;;;;;;;;;;;;;;;;;;;;;;;;;;;;;;;;;;;;;;;;;;;;;;;;;;;;;;;;;;;;;3;;Eckstein, viereckig;weiß;;x;3;;D.W.;12;36.9;abwärts gegen Bischofsheim, links des Dittwarer Vizinalweg am Ackergewann;;;;;
55;Dittwar;141;https://photos.app.goo.gl/9nUc8ioCfyFV2uh38;N 49.59877639 E 9.64336139;;;;;;;;;;;;;;;;;;;;;;;;;;;;;;;;;;;;;;;;;;;;;;;;;;;;;;;;;;;;;;;;;;;;;;;4;;Eckstein, viereckig;weiß;;x;3;;DW;32;95.58;am Ackergewann hinauf am Schleicher, unterhalb dem Wald;;;;;
56;Dittwar;140;https://photos.app.goo.gl/8jvKCBDWgoPdKgYR9;N 49.59867426 E 9.64277806;;;;;;;;;;;;;;;;;;;;;;;;;;;;;;;;;;;;;;;;;;;;;;;;;;;;;;;;;;;1;1816;;weiß;;x;3;;;54;164.7;rechts hinauf am Schleicher oberhalb des Ackerfelds anfang des Waldes;5;1816;Eckstein;weiß;;x;3;;;3;9.75;gegen Dittwar unterhalb dem Wald / obige 1-5 sind neu gesetzt worden, zur Gemarkungsgrenzverlegung. Die Ordnungszahlen 6,..., 12 1/2,...18 bleiben in Kraft von Seite 80 bis einschließlich86.;;;;;
57;Dittwar;139;https://photos.app.goo.gl/oZ4gtAHEiSBYsLC97;N 49.59869806 E 9.64235139;14;1580;;;;x;3;;;weiter die Äcker hinauf am Wieselberg voraus vornen am Knosten (?) auf Hans Webers Acker;16;1580;;;;x;3;x;;73;266.45;Furder die Äcker hinauft dem Wißelberg zu vornen am Knockhen (?) ein Stein gegen der Statt mit einem Rath und 3. B. Jahrzahll 1580. Oben ein Creütz, so Bischoffs- heim und Dietwahrer Marckhung scheidet;14;1580;hoch;rot;;x;3;;;73;266.45;fürder den Wieselberg hinauf vornen am Knuck (?);14;1580;;rot;;x;1;;;69;251.85;Wieselberg hinauf;14;1580;;roter Sandstein;;x;3;;nichts;71;259.15;im Rintzen Rheinlein (?);6;1580;;rot;;x;3;x;;29;88.5;hinauf zwischen dem Bischofsheimer Wiesenbach-Wald und Dittwarer Privat-Wald horizontal gemessen;6;;;;;;;;;;;Die Ordnungszahlen 6,..., 12 1/2,...18 bleiben in Kraft von Seite 80 bis einschließlich86.;;;;;
58;Dittwar;138;https://photos.app.goo.gl/TGfF8446uubUozy3A;N 49.59867197 E 9.63972703;15;1508;;;;x;2;;1508;weiter hoch den Wieselberg hinauf am Kißgart (?) genannt;17;1508;;;;;;;;45;164.25;Weiters den Wißelberg und am Kießgarten ein Stein gegen der Statt mit Dreiren B. gegen Dietwahr mit Jahrzall 1508. Zwischen Wendell Schmidt und Bischoffsheim Gemeinfeldt.;15;1508;;rot;;x;3;;;46;167.9;im Rießgarten, auf Lorenz Hammerichen Acker;15;1508;;rot;x;;1;;1508;48;175.2;;15;1508;hoch;roter Sandstein;;x;3;x;1508;44;160.6;Anst.: das Gemeindfeld;7;1508;;rot;;x;3;x;1508;54;162.45;hinauf zwischen dem Gemeindewald Wiesenbach Bischofsheim und dem Privatwald Dittwar, steht ein Stein zwischen dem Gemeindewald Bischofsheim und Dittwarer Ackerfeld;7;;;;;;;;;;;Die Ordnungszahlen 6,..., 12 1/2,...18 bleiben in Kraft von Seite 80 bis einschließlich86.;;;;;
59;Dittwar;137;https://photos.app.goo.gl/x7bZorUrTfrVYxMJA;N 49.59850306 E 9.63761306;16;1508;;;;x;2;x;1508;ferner den Wieselberg hinauf, auf dem Hain genannt;18;1508;;rot;;x;;x;nichts;64;233.6;Uff Simonn Webers Ackher so lehen seits (?) und in daß Spithall Bischoffsheim gehörig, ein Roder Stein mit einem Rath oben einem Creütz, gegen Dietwahr aber nichts. Jahrs- Zahll 1508;16;1508;;rot;;x;;x;-;50;182.5;auf Hannß Webers (Klebers?) Simons Sohnen Acker so Lohngut dem Spithal;16;1508;;rot;;x;;;-;52;189.79999999999998;;16;1508;hoch;roter Sandstein;;x;3;x;nichts;49;178.85;Anst.: das Gemeindfeld;8;1508;;rot;;;;x;;59;177.6;hinauf neben dem Gemeindewald Wiesenbach und Dittwarer Ackerfeld;8;;;;;;;;;;;Die Ordnungszahlen 6,..., 12 1/2,...18 bleiben in Kraft von Seite 80 bis einschließlich86.;;;;;
60;Dittwar;136;https://photos.app.goo.gl/uyHJh7LdkfQXjm1S8;N 49.59838668 E 9.63445441;17;1580;;;;x;3;;;furter am Wieselberg baßen hinauf, am Flecken Mandle genannt;19;1580;;;;x;3;;;64;233.6;Furder zwischen Peter Kilian und Michell Fath (?) so seinem Feldt ist ein Stein mit einem Rath, 3 B. und Jahrzahll 1580.;17;1580;;rot;;x;3;x;;64;233.6;auf Gemeinfeld;17;1580;;rot;x;x;3;;;63;229.95;;17;1580;;roter Sandstein;;;3;x;nichts;61;222.65;Anst.: das Gemeindfeld;9;1580;;rot;;x;3;x;;76;229.2;hinauf am Gemeindewald Bischofsheim und Ackerfeld Dittwar;9;;;;;;;;;;;Die Ordnungszahlen 6,..., 12 1/2,...18 bleiben in Kraft von Seite 80 bis einschließlich86.;;;;;
61;Dittwar;132;https://photos.app.goo.gl/sKZHuLC72J9VdpkB8;N 49.59884288 E 9.63277500;;;;;;;;;;;;;;;;;;;;;;;;;;;;;;;;;;;;;;;;;;;;;;;;;;;;;;;;;;;10;1872;;rot;;x;3;;G.G. Dittwar 1872;44;132;zwischen dem Gemeindewald Bischofsheim und Privatwald Dittwar;10;;;;;;;;;;;Die Ordnungszahlen 6,..., 12 1/2,...18 bleiben in Kraft von Seite 80 bis einschließlich86.;;;;;
62;Dittwar;129;https://photos.app.goo.gl/xnWKeucXChMuuiAh7;N 49.59945500 E 9.63101639;18;1580;;;;x;3;;;dann über das Teich hinüber uff der Höhe obers uffm Wieselberg, nicht weit vom Weg;20;1580;;;;x;3;;;79;288.34999999999997;Daußhin ein Stein mit 3 B. und Jahrzahll 1580. Ist daß Rath abgebiekt anstösen Hanß Heffner (?), zum Bischoffsheimer Gemein- feldt;18;1580;;rot;;x;1 (?);;;79;288.34999999999997;auf Mathes Honickel Acker Bischofsheimer Gemeinfeld;18;1580;;rot;;x;3;;;64;233.6;;18;1580;;roter Sandstein;;;3;;nichts;72;262.8;Anst.: Gemeindfeld;11;1580;;rot;;x;3;;;47;143.7;zwischen dem Gemeindewald Bischofsheim und Privatwald Dittwar, oben am Wieselberg;11;;;;;;;;;;;Die Ordnungszahlen 6,..., 12 1/2,...18 bleiben in Kraft von Seite 80 bis einschließlich86.;;;;;
63;Dittwar;;;;;;;;;;;;;;;;;;;;;;;;;;;;;;;;;;;;;;;;;;;;;;;;;;;;;;;;;;;;;;12;1816;;weiß;;x;3;;;56;168;Stein wurde am 9.1.1873 gesetzt;12;;;;;;;;;;;Die Ordnungszahlen 6,..., 12 1/2,...18 bleiben in Kraft von Seite 80 bis einschließlich86.;;;;;
64;Dittwar;128;https://photos.app.goo.gl/yGubqrCuYeFz7WNi6;N 49.60072306 E 9.62805972;;;;;;;;;;;;;;;;;;;;;;;;;;;;;;;;;;;;;;;;;;;;;;;;;;;;;;;;;;;12,5;[1887];viereckig;weiß;;;3;;DW;[23];69.3;neu gesetzt worden am 29.11.1887;12.5;;;;;;;;;;;Die Ordnungszahlen 6,..., 12 1/2,...18 bleiben in Kraft von Seite 80 bis einschließlich86.;;;;;
65;Dittwar;127;https://photos.app.goo.gl/a4GBYSj2tLzA6UAY9;N 49.60091719 E 9.62748025;19;;;;;;;3 x;;über den Wieselberger Fuhrweg strack hinüber;21;;;;;;;3x;;71;259.15;Ein Stein mit dreir gehauenen Creützen, anstösen oben Merten Heroldt unden gemein feldt, ist der Zeit aus zursach (???) durch die Hern Landschieder gehoben worden;19;;;;;;;3x;;71;259.15;auf Gemeinfeld, ist vor diesem von den Landschiedern gehoben worden / NB: soll hier ein neuer gesetzt werden;19;;;rot?;;;;3x;;80?;292;soll ein anderer bald gesetzt werden;19;1706;hoch, gewölbt;roter Sandstein;x;x;3;x;;76;277.4;Anst.: Gemeindfeld;13;1706;;rot;;x;3;x;;16;49.35;zwischen dem Gemeindewald, Weg Bischofsheim im Wiesenbachs Wald und dem PrivatWald Dittwar;13;;;;;;;;;;;Die Ordnungszahlen 6,..., 12 1/2,...18 bleiben in Kraft von Seite 80 bis einschließlich86.;;;;;
66;Dittwar;126 (unsicher);https://photos.app.goo.gl/2XCryTFpyxifpaas5;N 49.60106000 E 9.62657000;;;;;;;;;;;;;;;;;;;;;;;;;;;;;;;;;;;;;;;;;;;;;;;;;;;;;;;;;;;14;1872  bzw [1887];viereckig (1887);rot (1872) bzw weiß (1887);;x;3;;G.G. Dittwar 1872 bzw DW (1887);56;168;Von 13 bis 14 dem Gemeindewald Bischofsheim und dem Privatwald gemessen...muß ein neuer Stein gesetzt werden. War verprochen. / NB: ist gesetzt worden den 9.1.1873 ein rother Stein / NB 14 ist neu gesetzt worden den 29.11.1887;14;;;;;;;;;;;Die Ordnungszahlen 6,..., 12 1/2,...18 bleiben in Kraft von Seite 80 bis einschließlich86.;;;;;
67;Dittwar;;;;20;1580;;;;x;3;x;;strack hinauf gegen dem Kennigheimer Holz zu, nahe bei den Eckern ober dem Gissigheimer Pfad;22;1580;;;;x;3;x;;91;332.15;Recht hinauß dem Kenigheimer Holtz zu nachent bey dem Gissigheimer Pfadt zwischen dem Gerchs- (???) heimer Lehenguth und Bischofsheimer gemeinen feldt ein Stein mit einem Rath und 3. B Jahrzahll 1580. Oben ein Creütz;20;1580;;rot;;x;3;x;;91;332.15;recht hinaus dem Kennigheimer Holz bei dem Gissigheimer Pfad im Bischofsheimer Gemeinfeld;20;1580;;rot;x;x;3;;;90;328.5;;20;1580;;roter Sandstein;;;3;x;nichts;91;332.15;;15;1580;;rot;;x;3;;;56;170.7;zwischen dem Gemeindewald Bischofsheim und Dittwarer Ackerfeld;15;;;;;;;;;;;Die Ordnungszahlen 6,..., 12 1/2,...18 bleiben in Kraft von Seite 80 bis einschließlich86.;;;;;
68;Dittwar;122 (unsicher);https://photos.app.goo.gl/q1t3dMqbvAm8qQYaA;N 49.60284977 E 9.62123319;;;;;;;;;;;;;;;;;;;;;;;;;;;;;;;;;;;;;;;;;;;;;;;;;;;;;;;;;;;16;1872  bzw [1887];viereckig (1887);rot (1872) bzw weiß (1887);;x;3;;G.G. Dittwar 1872 bzw DW (1887);60;180;zwischen dem Gemeindewald Bischofsheim und Dittwarer Ackerfeld soll ein neuer Stein gesetzt werden / war verbrochen/ NB ist gesetzt worden den 9.1.1873 ein roter Stein / ist neu gesetzt worden 29.11.1887;16;;;;;;;;;;;Die Ordnungszahlen 6,..., 12 1/2,...18 bleiben in Kraft von Seite 80 bis einschließlich86.;;;;;
69;Dittwar;119;https://photos.app.goo.gl/GTtLJbCPZq5SZFeF8;N 49.60396476 E 9.61948848;;;;;;;;;;;;;;;;;;;;;;;;;;;;;;;;;;;;;;;;;;;;;;;;;;;;;;;;;;;17;1844;;rot;;;;;;63;190;zwischen Bischofsheimer Gemeindewald und Dittwarer Ackerfeld;17;;;;;;;;;;;Die Ordnungszahlen 6,..., 12 1/2,...18 bleiben in Kraft von Seite 80 bis einschließlich86.;;;;;
70;Dittwar / Königheim;118;https://photos.app.goo.gl/3cgKDbaxYnpgVmQk9;N 49.60404401 E 9.61939931;21;;;;;x;3;;;3-Märker/ über den Gissigheimer Pfad zur rechten Hand am Kennigheimer Holz, Hüssenbach genannt;23;1474;;;;x;3;x;;100;365;3-Märker / [Nachtrag:Ist ein 3 Marckher erhoben worden den 5ten ?bris 1680] Furder ein Stein mit einem Rath und 3 B daran eines abgewetzt. Jahrzall 1474. Oben einem Creütz anstößen Erhardt Wölles (?) Erben, alda scheidet sich Bischoffsheim und Dietwahrer  Marckhung;21;1474;;;;x;3, eines abgewetzt;x;;104;379.59999999999997;3-Märker / Anstößer Hannß Rufn mit seinem Holz;21;;breit;rot;x;x;3;;;100;365;3-Märker / ist ein Dreimärker;21;1474;;;;x;3;x;3K /Dittw. Seite: Nichts;99;361.34999999999997;3-Märker / Ahn dem Wieselberg die Kuhmische Erben, am Wald Eck;18 bzw 1;1844;dreieckig;rot;Inschrift;;;;jew. Inschrift & 1844;3;9.9;3-Märker / versetzt worden den 29.11.1887 durch die neue Gemarkungsgrenzverlegung / rechts zwischen Bischofsheimer Privatwald und Königheimer Gemeindewald;18 / 1;1844;dreieckig;rot;Inschrift;;;;je 1844;;;3-Märker / steht im Wiesenberg neben Privatwald Bischofsheim, Wald Königheim und Dittwarer Ackerfeld. / Die Ordnungszahlen 6,..., 12 1/2,...18 bleiben in Kraft von Seite 80 bis einschließlich86.;;;;;
71;Königheim;;;;;;;;;;;;;;24;1680 (?);;;;;;;;?;;[Nachtrag: Ist den 5ten ?bris 1680 erhoben und nicht gerecht gefunden worden] Der Kenigheimer anheig (?) nach, ohngefehrlich 15 Ruden weit in das Holtz ein fast ohne- merckter Stein, so zu erneuern;22;1680;neu;rot;;x;3;;;35;127.75;ins Herrn Solers (?) Holz;22;1680;groß erhoben;;;x;3;;;35;127.75;im Holz;22;1680;hoher gewölbter Sandstein;;;;3;;3 K;35;127.75;im Wieselbergs Holtz;2;1844;;weiß;;x;;x;;18;54.9;zwischen Bischofsheimer Privatwald und Königheimer Gemeindewald hinab;2;1844;;weiß;;x;;x;;18;54.9;hinab zwischen Bischofsheimer Privatwald und Königheimer Gemeindewald;;;;;
72;Königheim;117;https://photos.app.goo.gl/qQ5AWGfuTqKBr1K97;N 49.60432139 E 9.61945306;;;;;;;;;;;;;;;;;;;;;;;;;;;;;;;;;;;;;;;;;;;;;;;;;;;;;;;;;;;3;;viereckig;rot;;;;;;13;40.5;zwischen Bischofsheimer Privatwald und Gemeindewald Königheim hinab;3;;viereckig;;;;;;;13;40.5;hinab zwischen Privatwald Bischofsheim und Gemeindewald Königheim;;;;;
73;Königheim;116;https://photos.app.goo.gl/t8HAgFdjVZPcsL8e8;N 49.60495306 E 9.61949500;;;;;;;;;;;;;;;;;;;;;;;;;;;;;;;;;;;;;;;;;;;;;;;;;;;;;;;;;;;4;;;rot;;x;3;;;8;24;zwischen dem Gemeindewald Königheim und Privatwald Bischofsheim hinab;4;;;rot;;;3;;;8;24;hinab zwischen Privatwald Bischofsheim und Gemeindewald Königheim;;;;;
74;Königheim;115;https://photos.app.goo.gl/Ln1tCUE8zFV5eQz69;N 49.60520472 E 9.61921639;;;;;;;;;;;;;;;;;;;;;;;;;;;;;;;;;;;;;;;;;;;;;;;;;;;;;;;;;;;5;1816;;weiß;;x;3;;K;16;28.6;zwischen dem Privatwald Bischofsheim und Gemeindewald Königheim;5;1816;;weiß;;x;3;;K & 1816;16;48.6;hinab zwischen Privatwald Bischofsheim und Gemeindewald Königheim;;;;;
75;Königheim;;;;;;;;;;;;;;;;;;;;;;;;;;;;;;;;;;;;;;;;;;;;;;;;;;;;;;;;;;;;;;6;;;rot;;;;;;17;52.5;zwischen dem Privatwald Bischofsheim und Gemeindewald Königheim hinab;6;;;rot;;;;;;17;52.5;hinab zwischen Privatwald Bischofsheim und Gemeindewald Königheim;;;;;
76;Königheim;;;;;;;;;;;;;;;;;;;;;;;;;;;;;;;;;;;;;;;;;;;;;;;;;;;;;;;;;;;;;;7;1815;;weiß;;x;;;;16;48.6;zwischen dem Privatwald Bischofsheim und Königheim hinab;7;1815;;weiß;;x;;;;16;48.69;hinab zwischen Privatwald Bischofsheim und Königheim;;;;;
77;Königheim;114 (unsicher);https://photos.app.goo.gl/PzpM2h8K8b193Y999;N 49.60699806 E 9.61942139;;;;;;;;;;;25;1680 (?);ehem spitz;ehem weiß, neu rot;;;;ehem ohne;;?;;Hinabwärts daß Holtz an einem alten Lochbaum stett ein alter weißer spitziger Stein daran sich kein Kreutz befindet [NB: zu diesem ist ein roder Stein im Jahr 1680 gesetzt worden];23;1680;neu;rot;;x;3;;;56.5;206.225;im sperischen Holz;23;1680;neu;rot;;x;3;;;56.5;206.225;;23;1680;hoher Sandstein;rot;;x;3;;3 K;56;204.4;;8;1680;;rot;;x;3;;;17;53.7;zwischen dem Privatwald Bischofsheim und Gemeindewald Königheim;8;1680;;rot;;x;3;;;17;53.7;hinab zwischen Privatwald Bischofsheim und Königheim;;;;;
78;Königheim;;;;;;;;;;;;;;;;;;;;;;;;;;;;;;;;;;;;;;;;;;;;;;;;;;;;;;;;;;;;;;9;1815;;weiß;;x;;;;14;44.4;zwischen Privatwald Bischofsheim im hintern Wiesenbach / NB Mitten im Weg, sitzt tief;9;1815;;weiß;;x;;;;15;44.4;hinab zwischen Privatwald Bischofsheim und Königheim, mitten im weg;;;;;
79;Königheim;;;;22;;Pflugschar-Form;weiß;;x;;;;geformiert wie eine Pflugschar/ von diesem Stein wohl zwei Büchsenschüsse in das Holz hinein steht zwischen Cristoffel Mulichs, Müller, und dem Kennigheimer Holz...;26;1680 (?);Pflugschar-Form;ehem weiß;;x;neu 3;;;?;;Zu Hanß Spehrs deß Ältern holtz ein weißer Stein einer pflughark gleich formirt, gegen der Statt mit einem eingetrifft (?) oder gesenktem Rath. ahnstatt dieses ist auch ein Neuen mit Jahrzal 1680 gesezet worden Von itzgedachts Spehrs holtz gleich über ein Neurer gefundener weißer Stein ohne Creutz Aus dem Grundt herunder noch ein Zweiffell= hafttiger Stein, deren man sich zu vergleichen  NB: weilen von dem vorgesetzten Stein kein kein (?) Märckher gewesen, als ist der (?) gütlich Vergleich zwischen (?) diesem (?) wenn ein Neuer mit einem Rath (?) 3 B und Jahrzal 1680 gesetzt worden  nach (?) Statt desß (?) ist auch ein Neuer mit Jahrzal 1680 gesetzt worden;24;1680;neu;rot;;x;3;;;37.5;136.875;Anstößer die Missianische Erben;24;1680;neu, groß erhaben;rot;;x;3;;;37.5;136.875;;24;1680;hoher gewölbter Sandstein;rot;;x;3;2 x;nichts;37.5;136.875;;10;1845;;rot;Inschrift;x;3;;;24;72.9;Eckstein / hinab zwischen Privatwald Bischofsheim gegen den Königheimer Hußenbachs-Wald;10;1845;Eckstein;rot;;x;3;;1845;24;72.9;am Königheimer Hussenbachswald dasselbst und Privatwald Königheim;;;;;
80;Königheim;112;https://photos.app.goo.gl/kVdYb4giFoeQdZgs7;N 49.60801806 E 9.62027139;;;;;;;;;;;;;;;;;;;;;;;;;;;;;;;;;;;;;;;;;;;;;;;;;;;;;;;;;;;11;1845;;rot;Inschrift;x;3;;;16;48.6;zwischen dem Privatwald Bischofsheim und dem Gemeindewald Hussenbach Königheim rechts hinab;11;1845;;rot;Inschrift;x;3;;Inschrift;16;48.6;rechts abwärts, am Hussenbachswald und Privatwald Bischofsheim;;;;;
81;Königheim;;;;;;;;;;;;;;;;;;;;;;;;;;;;;;;;;;;;;;;;;;;;;;;;;;;;;;;;;;;;;;;;;;;;;;;;;;12;;;weiß;GB;x;3;;;14;42;abwärts am Königheimer Hussenbachswald und Ackerfeld;;;;;
82;Königheim;;;;;;;;;;;;;;;;;;;;;;;;;;;;;;;;;;;;;;;;;;;;;;;;;;;;;;;;;;;;;;;;;;;;;;;;;;13;;;;;;;;;7;21.45;Waldstein 54;;;;;
83;Königheim;;;;;;;;;;;;;;;;;;;;;;;;;;;;;;;;;;;;;;;;;;;;;;;;;;;;;;;;;;;;;;;;;;;;;;;;;;14;;;;;;;;;21;63.6;Waldstein 55;;;;;
84;Königheim;;;;23;;;weiß;;;;x;;im Holz herfür am Rain in Philip Kühlsemers Holz;;;;;;;;;;;;;;;;;;;;;;;;;;;;;;;;;;;;;25;1742;hoher gewölbter Sandstein;rot;;2x;3;ohne;3 K;57;208.04999999999998;;12;1742;;rot;;x;3;;Weinkannen Ortswappen KKK;51;155.85;hinab im Hussenbachsgrund auf dem Königheimer Ackerfeld;15;1741;;rot;;x;3;;K;24;72;im Hussenbachsgrund abwärts neben dem Weg und Hussenbachswald Königheim;;;;;
85;Königheim;;;;;;;;;;;;;;;;;;;;;;;;;;;;;;;;;;;;;;;;;;;;;;;;;;;;;;;;;;;;;;;;;;;;;;;;;;16;;;;;;;;;16;48.3;Waldstein 56, Hussenbachgrund abwärts;;;;;
86;Königheim;111;https://photos.app.goo.gl/Tcm3mieC8YJ28p5x8;N 49.60939806 E 9.62444306;24;;;;;x;;x;;mitten im Hussenbach Gründla uff der Oberbarbstein (?) Wiesen;27;;;;;x;;x;;?;;Mitten im Hußenbachs grundtlein bey (?) Caspar Dörden Wittiben wiesen ein Stein mit einem Rath, und oben einem Creütz;25;1680;neu;;;x;3;;;111;405.15;mitten im Hüsenbachs Gründlein auf der Wiesen, auf Hannß Heffners Erben Wiesen, modo (?) die Kennigheimer / NB: soll hinzwischen ein neuer Stein gesetzt werden;25;1680;hoch erhoben;rot;;x;3;;;112;408.8;;26;;hoher gewölbter Sandstein;;;x;3;x;3 K;52;189.79999999999998;stehend auf Hans Jörg Faulhabers Acker;13;1680;;rot;;x;3;;K;65;197.7;hinab im Hussenbachsgrund auf dem Königheimer Ackerfeld, mitten im Hussenbachsgrund;17;1680;;;;x;3;;;25;75.6;Waldstein 57;;;;;
87;Königheim;110;https://photos.app.goo.gl/mbd68kgzCHAG8cQaA;N 49.60929010 E 9.62641993;;;;;;;;;;;;;;;;;;;;;;;;;;;;;;;;;;;;;;;;;;;;;;;;;;;;;;;;;;;;;;;;;;;;;;;18;;;weiß;GB;x;3;;;27;81.6;hinab im Hussenbachsgrund;;;;;
88;Königheim;;;;;;;;;;;;;;;;;;;;;;;;;;;;;;;;;;;;;;;;;;;;;;;;;;;;;;;;;;;;;;;;;;;;;;;;;;19;;;;;;;;;22;68.7;Waldstein 58 am Hussenbachswald, neben dem Weg;;;;;
89;Königheim;109 (unsicher);https://photos.app.goo.gl/gJtTWXctK3V8E7h9A;N 49.60938468 E 9.62714646;;;;;;;;;;;;;;;;;;;;;;;;;;;;;;;;;;;;;;;;;;;;;;;;;;;;;;;;;;;;;;;;;;;;;;;20;;;weiß;GB;x;3;;;6;20.4;hinab im Hussenbachsgrund, neben dem Weg und Hussenbachswald Königheim;;;;;
90;Königheim;;;;;;;;;;;;;;;;;;;;;;;;;;;;;;;;;;;;;;;;;;;;;;;;;;;;;;;;;;;;;;14;1872;;rot;;x;3;;G.G. Königheim 1872;60;180;den Hussenbachsgrund hinab soll auf 60 Ruthen ein neuer Stein gesetzt werden, ist gesetzt worden den 9.1.1873, zwischen dem Königheimer Ackerfeld und Hussenbachswald Königheim;21;1872;;rot;;x;3;;1872;16;49.5;abwärts Hussenbachsgrund neben Hussenbachswald & Weg;;;;;
91;Königheim;;;;;;;;;;;;;;;;;;;;;;;;;;;;;;;;;;;;;;;;;;;;;;;;;;;;;;;;;;;;;;;;;;;;;;;;;;22;;;;;;;;;3;9;Waldstein 59, abwärts neben Weg & Wald;;;;;
92;Königheim;108 (unsicher);https://photos.app.goo.gl/xZsUE7BafwstQ9QUA;N 49.60939639 E 9.62813806;;;;;;;;;;;;;;;;;;;;;;;;;;;;;;;;;;;;;;;;;;;;;;;;;;;;;;;;;;;;;;;;;;;;;;;23;;;;;;;;;9;29.1;Waldeckstein 60, schließt Königheimer Gemeindewald / NB: Von 12 bis einschl. 23 gelten die Waldsteine auch als Gemarkungssteine;;;;;
93;Königheim;107;https://photos.app.goo.gl/9wtjUzZw28wULxS16;N 49.60940500 E 9.62950306;;;;;;;;;;;;;;;;;;;;;;;;;;;;;;;;;;;;;;;;;;;;;;;;;;;;;;;;;;;;;;;;;;;;;;;24;;;weiß;GB;x;3;;;21;63.6;unten am Hussenbachsgrund auf dem Gewann;;;;;
94;Königheim;106;https://photos.app.goo.gl/BbkN5YRgbkC7cXBi6;N 49.60962500 E 9.62929139;25;1474;;;;x;2;;;baß hinab auf Wilhelm Kneules (?) Acker nah beim Graben;28;1474;groß viereckig;;;x;2;;;?;;Furder hinab nachent beim Graben ein großeck (?) Viereckiger Stein mit einem Rath und zweyen B. Jahrzahll 1474.;26;1474;groß, viereckig;;;x;2;;;80.5;293.825;fürter hinab, an Georg Adam Spönleins Acker;26;1474;breit;rot;x (?);x;3;;;80.5;293.825;;27;1474;breiter Sandstein;rot;;x;2;;3 K;83;302.95;im Wiesenbach, Anst.: Georg Baumanns Acker;15;1474;viereckig;rot;;x;3;x;;39;118.5;Eckstein / den Hussenbach Grund hinab, auf dem Ackerfeld;25;1474;breit;rot;;x;3;x;;11;34.86;Eckstein / auf dem Gewann abwärts am Wiesengrabeneck;;;;;
95;Königheim;105;https://photos.app.goo.gl/qgwaLTdP2p97vcbdA;N 49.61044306 E 9.62877639;;;;;;;;;;;;;;;;;;;;;;;;;;;;;;;;;;;;;;;;;;;;;;;;;;;;;;;;;;;;;;;;;;;;;;;26;;;weiß;GB;x;3;;;12;36;links hinauf gegen Königheim am Wassergraben;;;;;
96;Königheim;;;;;;;;;;;;;;;;;;;;;;;;;;;;;;;;;;;;;;;;;;;;;;;;;;;;;;;;;;;;;;;;;;;;;;;;;;27;;;weiß;GB;x;3;;;21;63;hinauf neben den Wiesen am Wassergraben;;;;;
97;Königheim;104;https://photos.app.goo.gl/Cf7SCT9UHKNQGFsW9;N 49.61092000 E 9.62848500;;;;;;;;;;;;;;;;;;;;;;;27;;;;;x;;x;;49;178.85;unten an Steffans Alter Holz am Rain;27;-;hoch erhoben;weiß;;x;;;;50;182.5;oberhalb der Wiesen im Holz stehend;28;ohne;breit;weiß;Bisch. Seite nichts;;;x;3 K;46;167.9;Anst.: Michel Woltz (Waltz);16;1857;;rot;Inschrift;x;3;;Inschrift 1857;58;174.6;Eckstein / hinab auf dem Königheimer Ackerfeld im Hussenbach;28;1857;;rot;;x;3;;Inschrift 1857;18;54;hinauf am Wassergraben;;;;;
98;Königheim;103;https://photos.app.goo.gl/N1NtChVVcovvxFXj6;N 49.61125806 E 9.62825139;;;;;;;;;;;;;;;;;;;;;;;;;;;;;;;;;;;;;;;;;;;;;;;;;;;;;;;;;;;;;;;;;;;;;;;29;;;weiß;GB;x;3;;;16;48;hinauf am Wassergraben;;;;;
99;Königheim;102;https://photos.app.goo.gl/NK1JQtVgg3DDKU2f9;N 49.61149472 E 9.62813472;;;;;;;;;;;;;;;;;;;;;;;;;;;;;;;;;;;;;;;;;;;;;;;;;;;;;;;;;;;;;;;;;;;;;;;30;;;weiß;GB;x;3;;;11;33;hinauf am Wassergraben;;;;;
100;Königheim;;;;;;;;;;;;;;;;;;;;;;;;;;;;;;;;;;;;;;;;;;;;;;;;;;;;;;;;;;;;;;;;;;;;;;;;;;31;;;weiß;GB;x;3;;;7;21;hinauf am Wassergraben;;;;;
101;Königheim;;;;;;;;;;;;;;;;;;;;;;;;;;28;;;;;x;3;x;;11;40.15;nechst der Bach;28;;;rot (?);;x;3;;;14;51.1;;29;;Sandstein;rot;;x;3;;3 K;11;40.15;David Stang Wiese, 3 1/2 Ruthen vom Bach;17;1857;;rot;Inschrift;x;3;Winkel;Inschrift, 1857;13;40.5;Eckstein / hinab in Wiesen bei der Bach;32;1857;;rot;Inschrift;x;3;;Inschrift 1857;11;33.3;Eckstein / hinauf am Wassergraben;;;;;
102;Königheim;;;;;;;;;;;;;;;;;;;;;;;;;;;;;;;;;;;;;;;;;;;;;;;;;;;;;;;;;;;;;;;;;;;;;;;;;;33;;;weiß;GB;x;3;;;5;17.1;rechts ab gegen die Bach/ Entfernung zum Bach 4.80m;;;;;
103;Königheim;;;;26;;;;;x;;x;;von Dannen strack gegen dem Holz zu uff der Wiesen vornen am Zaun;29;;;;;x;;x;;72;262.8;Unden an St. Steffans Altar Holtz am weg (?) und uffem Reinlein ein Stein mit einem Rath, und oben einem Creutz;28,3;1680 ?;neu;rot;;x;3;;;73;266.45;NB: Diese 2 Stein sind den 11.4.1692 gesetzt worden;29?;1680;;rot;;x;3;x?;;72;262.8;;30;ohne;gewölbter Sandstein;;;x;3;x;3 K;72;262.8;Anst.: Michel ? Wiese;18;1781;;rot;;x;3;;1781 KKK;89;267.9;links hinauf gegen Königheim in den Neuwiesen;34;1781;;rot;;x;3;;KKK 1781;1;3;neben der Bach gegen die Straße, ohne Rückmaß von der Bach (direkt am Ufer) / auf den Neuwiesen, in der Wiesengrenze;;;;;
104;Königheim;;;;;;;;;;;;;;;;;;;;;;;;;;;;;;;;;;;;;;;;;;;;;;;;;;;;;;;;;;;;;;;;;;;;;;;;;;35;;;weiß;GB;x;3;;;34;102;Eckstein / in der Wiesengrenze gegen die Straße vor, an der Ackergrenze;;;;;
105;Königheim;;;;;;;;;;;;;;;;;;;;;;;;;;;;;;;;;;;;;;;;;;;;;;;;;;;;;;;;;;;;;;;;;;;;;;;;;;36;;;weiß;GB;x;3;;;11;33;links hinauf gegen Königheim zwischen den Wiesen & Ackerfeld;;;;;
106;Königheim;;;;;;;;;;;;;;;;;;;;;;;;;;;;;;;;;;;;;;;;;;;;;;;;;;;;;;;;;;;;;;;;;;;;;;;;;;37;;;weiß;GB;x;3;;;8;26.4;hinauf an der Wiesengrenze;;;;;
107;Königheim;;;;;;;;;;;;;;;;;;;;;;;;;;;;;;;;;;;;;;;;;;;;;;;;;;;;;;;;;;;;;;;;;;;;;;;;;;38;;;weiß;GB;x;3;;;11;33;hinauf an der Wiese & Ackergrenze;;;;;
108;Königheim;;;;;;;;;;;;;;;;;;;;;;;;;;;;;;;;;;;;;;;;;;;;;;;;;;;;;;;;;;;;;;;;;;;;;;;;;;39;;;weiß;GB;x;3;;;20;60;hinauf an der Wiese & Ackergrenze;;;;;
109;Königheim;;;;;;;;;;;;;;;;;;;;;;;;;;;;;;;;;;;;;;;;;;;;;;;;;;;;;;;;;;;;;;;;;;;;;;;;;;40;;;weiß;GB;x;3;;;22;66;hinauf an der Wiese & Ackergrenze;;;;;
110;Königheim;101 (unsicher);https://photos.app.goo.gl/sp5YkcZ36SD8mhoJ6;N 49.61189306 E 9.62753639;;;;;;;;;;;;;;;;;;;;;;;28,6;1680 ?;neu;rot;;x;3;;;57;208.04999999999998;NB: Diese 2 Stein sind den 11.4.1692 gesetzt worden;30;1680;;rot;;x;3;;;55;200.75;;31;1680;gewölbter Stein;rot;;x;3;;3 K;56;204.4;Anst.: Frau Schuhten (?) wittib Acker liegend;19;;;rot;;x;3;x;KKK;69;209.7;im Königheimer Wiesengrund, hinauf auf dem Ackerfeld;41;;;rot;;x;3;x;KKK;17;52.5;hinauf an der Wiese & Ackergrenze am Gewann;;;;;
111;Königheim;;;;;;;;;;;;;;;;;;;;;;;;;;;;;;;;;;;;;;;;;;;;;;;;;;;;;;;;;;;;;;;;;;;;;;;;;;42;;;weiß;GB;x;3;;;9;27;hinauf an der Wiese & Ackergrenze;;;;;
112;Königheim;;;;;;;;;;;;;;;;;;;;;;;;;;;;;;;;;;;;;;;;;;;;;;;;;;;;;;;;;;;;;;;;;;;;;;;;;;43;;;weiß;GB;x;3;;;9;27;hinauf an der Wiese & Ackergrenze;;;;;
113;Königheim;;;;;;;;;;;;;;;;;;;;;;;;;;;;;;;;;;;;;;;;;;;;;;;;;;;;;;;;;;;;;;;;;;;;;;;;;;44;;;weiß;GB;x;3;;;21;63;hinauf an der Wiese & Ackergrenze am Auffahrtsweg;;;;;
114;Königheim;;;;;;;;;;;;;;;;;;;;;;;;;;;;;;;;;;;;;;;;;;;;;;;;;;;;;;;;;;;;;;;;;;;;;;;;;;45;;;rot;;;;;;8;25.5;über den Auffahrtsweg unten an der Straßenböschung, Straßen-Randstein;;;;;
115;Königheim;;;;;;;;;;;;;;;;;;;;;;;;;;;;;;;;;;;;;;;;;;;;;;;;;;;;;;;;;;;;;;;;;;;;;;;;;;46;;;weiß;GB;x;3;;;4;12.6;Eckstein / hinauf am Straßendohl;;;;;
116;Königheim;;;;;;;;;;;;;;;;;;;;;;;;;;;;;;;;;;;;;;;;;;;;;;;;;;;;;;;;;;;;;;;;;;;;;;;;;;47;1846;;rot;Inschrift;x;3;;Inschrift 1846;5;16.2;über die Straße gegen Dienstadt am Rinderbächlein;;;;;
117;Königheim;;;;;;;;;;;;;;;;;;;;;;;;;;;;;;;;;;;;;;;;;;;;;;;;;;;;;;;;;;;;;;;;;;;;;;;;;;48;;;weiß;GB;x;3;;;23;69;hinauf am Rinderbächlein / Die Grabenmitte scheidet die Gemarkungsgrenze;;;;;
118;Königheim / Dienstadt;;;;28;1506;;;;x;;;;3-Märker? / fürter über den Bach hinüber, im Rinderbach genannt, auf der neuen Wiese;31;1506;;;;x;;;;102;372.3;3-Märker? / Oben an der Neuen Wißen im Rinderbach  genant ein Stein gegen Bischoffsheim mit einem Rath und Jharzahll 1506. Distat 102 Ruden. Jenseits der Bach vom Steffans eck heruff gemeßen, alda scheidet sich  Bischoffsheim und Kennigkheimer Marckung,;29;1506;;;;x;;;;45.6;166.44;oben an der Neuen Wiesen im Rinnerbach genannt, innseits der Bach auf Hanns Velten Mittnachts Acker;;;;;;;;;;;;;33;1730;gewölbter Sandstein;rot;Schild;x;3;x;3 K;37;135.04999999999998;Anst.: Bastian Banthold (?) Acker liegend;21;1730;;rot;;x;;;KKK;44;134.55;rechts im Rinnengründlein hinauf, auf dem Königheimer Ackerfeld am Gewann;49;1730;;rot;;x;;;KKK;25;76.65;hinauf auf der hohen Böschung oben / am Gewann;;;;;
119;Königheim;;;;;;;;;;;;;;;;;;;;;;;;;;;;;;;;;;;;;;;;;;;;;;;;;;;;;;;;;;;;;;;;;;;;;;;;;;50;;;weiß;GB;x;3;;;13;39;hinauf auf der Ackerkante am Rinderbächlein;;;;;
120;Königheim;;;;;;;;;;;;;;;;;;;;;;;;;;;;;;;;;;;;;;;;;;;;;;;;;;;;;;;;;;;;;;;;;;;;;;;;;;51;;;weiß;GB;x;3;;;21;63;hinauf gegen Dienstadt auf der Ackerkante;;;;;
121;Königheim;;;;27;;;;;x;;x;;nit weit vom Wehr unter diesem Stein herab;30;;;;;x;;;;?;;Allernachst diesem unden am Wehr ein Stein naher Bischoffsheim mit einem Rath  [Nachtrag am Rand: Den 8. November / A 1612 haben Bischo=/ ffsheimer und Kehnn=/ igtheimer Landschieder / disen Stein im beysein / beider Orths: alß Rent / und Bürgermeister / 2 Ruten von dem / Orth da der Alt ist ge=/ standen, gegen der Straßen / zu gesetz. Deswegen / dieweill der Fluß ser zu nahe khommen / war?. und ins / kunftig die gefahr / das er ghar hinweg / genommen, zu befarn / ist gewesen.. sindt / Rentmeister Wolff Müller Bernh. / Caspar Stockmeister. Landschieder / Hans Speer Caspar Stockmeister / Johan Khennigkheimer ??? Landen=/ berg (?)];;;;;;;;;;;;;31?;;;rot;;x;3;;;;;nah am Steeg (?) des Rinderbachs stehender Stein / Jahrzahl oben abgestoßen (?);32;ohne;Sandstein;rot;;x;3;x;3 K;44;160.6;neben dem Rinnerbach liegend und Stephan Reinhards Acker;20;1846;;rot;Inschrift;x;3;;Inschrift, 1846;56;168.3;hinauf, links der Straße am Rinderbächlein;52;;;weiß;GB;x;3;;;19;39;hinauf bei der Dienstadter Wiesen am Rinderbächlein;;;;;
122;Königheim / Dienstadt;99;https://photos.app.goo.gl/d3uX1ZfzWea7KrDW8;N 49.61887049 E 9.62497545;;;;;;;;;;;;;;;;;;;;;;;30;1623;;rot;;x;;x;;77;281.05;3-Märker / Auf Caspar Mertens von Kennigheim Wiesen;32;1623;;rot;x (?);x;;x;;81;295.65;3-Märker;34;ohne;Sandstein;rot;;x;3;x;3 K / Dienst. Seite nichts;?;;3-Märker / Anst.: Michel Krug von Dienstadt Wiese liegend;22;1857;;rot;Inschrift;x;3;;jew. Inschrift & 1857;48;144.3;3-Märker / rechts hinauf, auf den Wiesen am Bach;53 / 1;1857;viereckig;rot;Inschrift;x;3;;Inschrift 1857;13;39.6;3-Märker / Eckstein / steht unten im Graben am Rinderbächlein, gegen Dienstadt Dienstadter Wiesen / von 47 bis einschließlich 53 scheidet die Grabenmitte des Rinnenbächleins;;;;;
123;Dienstadt;;;;;;;;;;;;;;;;;;;;;;;;;;;;;;;;;;;;;;;;;;;;;;;;;;;;;;;;;;;;;;;;;;;;;;;;;;2;;;weiß;GB;x;3;;;9;29.85;Eckstein / hinauf am Rein, oberhalb des Wassergrabens;;;;;
124;Dienstadt;;;;;;;;;;;;;;;;;;;;;;;;;;;;;;;;;;;;;;;;;;;;;;;;;;;;;;;;;;;;;;;;;;;;;;;;;;3;;;weiß;GB;x;3;;;16;48;hinauf, links gegen Dienstadt neben dem Wässergraben;;;;;
125;Dienstadt;;;;29;;;;;x;;x;;weiter hinauf auf Bastian Brotzes (?) Wiese im hinteren Rinderbach;32;;;;;x;;x;;26;94.89999999999999;Der erst Dinstatter Stein mit einem Rath und oben einem Creütz uff Hanß Seitzen Wißen, quondam Bastian Barthes Wißen;;;;;;;;;;;;;;;;;;;;;;;;;;;;;;;;;;;;;1;;;rot;;;;x;;55;167.25;am Rindergründlein im Bach gemessen, hinauf im Geisberg in den Dienstadter Weinbergen;4;;;rot;;;;x;;27;81.75;hinauf gegen Dienstadt neben dem Wässergraben;;;;;
126;Dienstadt;;;;30;;;;;x;;;;den Berg hinauf in Stoffel Nüssen (?) Weingarten;33;1580;oben abgerundet;rot;;x;3;x;;72;262.8;Den Hang hinauff am Steinberg ein oben abgerundter Roder Stein mit einem Rath, dreiren B. Jharzahll 1580. oben ein Creutz.;31;1580;oben abgerundet;;;x;3;x;;72;262.8;den Berg hinauf;33;1580;;rot;;x;3;x;;73;266.45;;35;1580;Sandstein;rot;;x;3;;nichts;74;270.09999999999997;Anst.: Franz Pflug (?) Weinberg liegend;2;1580;;rot;;x;;x;;33;99;hinauf im Geisberg / NB: Muss gerade gestellt werden;5;1580;;rot;;;;x;;23;71.25;hinauf gegen Dienstadt neben dem Wässergraben;;;;;
127;Dienstadt;98;https://photos.app.goo.gl/rpNy9HgCctEus85s6;N 49.62189000 E 9.62405306;;;;;;;;;;;;;;;;;;;;;;;;;;;;;;;;;;;;;;;;;;;;;;;;;;;;;;;;;;;;;;;;;;;;;;;6;;;weiß;GB;x;3;;;26;80.4;hinauf gegen Dienstadt neben dem Wässergraben. Der Wässergraben ist Eigentum der Dienstädter Wiesenbesitzer und bildet die Gemarkungsgrenze;;;;;
128;Dienstadt;97;https://photos.app.goo.gl/eS1Gj7YVZiHRr3Kf8;N 49.62149139 E 9.62488972;;;;;;;;;;;;;;;;;;;;;;;;;;;;;;;;;;;;;;;;;;;;;;;;;;;;;;;;;;;;;;;;;;;;;;;7;;;weiß;GB;x;3;;;22;66;Eckstein / gegen Dienstadt neben dem Wassergraben. Die Gemarkungssteine 3-7 sind als Rückmarken bezeichnet, welche einen Meter Rückmaß von der wirklichen Markungsgrenze stehen.;;;;;
129;Dienstadt;96;https://photos.app.goo.gl/GXPQmpmzw2tcJCzz6;N 49.62190139 E 9.62534306;;;;;;;;;;;;;;;;;;;;;;;;;;;;;;;;;;;;;;;;;;;;;;;;;;;;;;;;;;;;;;;;;;;;;;;8;;;weiß;GB;x;3;;;18;56.25;rechts hinauf am Geisberg in den Weinbergsgrenzen;;;;;
130;Dienstadt;95;https://photos.app.goo.gl/Mpjq6rcZ4tAmUbuF8;N 49.62216000 E 9.62536639;;;;;;;;;;;;;;;;;;;;;;;;;;;;;;;;;;;;;;;;;;;;;;;;;;;;;;;;;;;;;;;;;;;;;;;9;;;weiß;GB;x;3;;;11;35.4;Eckstein / hinauf auf der Höhe;;;;;
131;Dienstadt;94;https://photos.app.goo.gl/JmCAwd8oXVgt5RAg9;N 49.62274500 E 9.62531306;;;;;;;;;;;34;1580;;rot;;x;3;x;;63;229.95;In Barthell Wolffarths Weingartten ein Roder Stein mit einem Rath, 3. B. und Jharzahll 1580. Oben ein Creütz.;32;1508;;;;x;;;;60;219;fürtershin in Philipps Heffners zu Dienstadt Weingart;34;;;rot;;x;;;;?;;unkennbare Zahl;36;1508;breiter Sandstein;rot;;x;3;;nichts;57;208.04999999999998;anst.: Peter Hefners Erben Weinberg liegend;3;;;rot;;x;3;x;;73;220.8;hinauf in den Dienstadter Weinberg am Geisberg / NB Muss gerade gestellt werden;10;;;rot;;x;3;;;18;54.3;Eckstein / links hinauf auf der Oede;;;;;
132;Dienstadt;93;https://photos.app.goo.gl/7FfoBAL9fZhFWtqw7;N 49.62285139 E 9.62579306;;;;;;;;;;;;;;;;;;;;;;;;;;;;;;;;;;;;;;;;;;;;;;;;;;;;;;;;;;;;;;;;;;;;;;;11;;;weiß;GB;x;3;;;14;44.1;Eckstein / links gegen Dienstadt unterhalb des Weinbergswegs;;;;;
133;Dienstadt;92;https://photos.app.goo.gl/yCmHmjwzNMfvaAci8;N 49.62354639 E 9.62553639;;;;;;;;;;;;;;;;;;;;;;;;;;;;;;;;;;;;;;;;;;;;;;;;;;;;;;;;;;;;;;;;;;;;;;;12;;;weiß;GB;x;3;;;23;70.5;links hinaus gegen Dienstadt unterhalb des Weinbergswegs, Steinberg;;;;;
134;Dienstadt;91;https://photos.app.goo.gl/vqYE97JEhg4kTjjh9;N 49.62374472 E 9.62554000;;;;;;;;;;;;;;;;;;;;;;;;;;;;;;;;;;;;;;;;;;;;;;;;;;;;;;;;;;;4;1857;;rot;Inschrift;x;3;;Inschrift, 1857;27;83.55;im Dienstadter Weinberg im Steinberg;13;1857;;rot;Inschrift;x;3;;Inschrift 1857;9;27.6;gegen Dienstadt unterhalb des Weinbergswegs;;;;;
135;Dienstadt;90;https://photos.app.goo.gl/b3mNZfEVJBR2uFUi8;N 49.62426416 E 9.62538723;;;;;;;;;;;;;;;;;;;;;;;;;;;;;;;;;;;;;;;;;;;;;;;;;;;;;;;;;;;;;;;;;;;;;;;14;;;weiß;GB;x;3;;;11;34.5;unterhalb des Weinbergswegs;;;;;
136;Dienstadt;;;;;;;;;;;;;;;;;;;;;;;;;;;;;;;;;;;;;;;;;;;;;;;;;;;;;;;;;;;;;;;;;;;;;;;;;;15;;;weiß;GB;x;3;;;8;25.1;gegen Dienstadt unterhalb des Weinbergswegs;;;;;
137;Dienstadt;89;https://photos.app.goo.gl/rbuJsm4NzGSh1FADA;N 49.62457972 E 9.62515639;31;1580;;;;x;;;;fürter die Weinberge hinauf nach Dienstadt zu im Steinberg genannt in Velthes Lincks Weingarten / NB: Anno 1605, d. 18.8. ist dieser Stein wegen des Güßgrabens eine halbe Ruthe in Melchior Langs Weinberg, im Luder genannt, neu gesetzt worden;35;1580;;;;x;;;;55;200.75;Furders hin in Melchiord Langen Weingart ein Stein mit einem Rath und Jharzahll 1580.;33;1580;;;;x;3;;;73;266.45;unweith in Michael Karchers Weingart;35;1580;;rot;;;;;;50?;182.5;ohnweit einem ? stehender Stein;37;1580;Sandstein;rot;;x;3;;nichts;53;193.45;in Anton Marschalls (?) Weinberg stehend;5;1580;;rot;;x;3;x;;35;107.4;hinauf;16;1580;;rot;;x;3;;;13;39.6;gegen Dienstadt unterhalb des Weinbergswegs, Steinberg;;;;;
138;Dienstadt;;;;;;;;;;;;;;;;;;;;;;;;;;;;;;;;;;;;;;;;;;;;;;;;;;;;;;;;;;;;;;;;;;;;;;;;;;17;;;weiß;GB;x;3;;;14;44.4;gegen Dienstadt unterhalb des Weinbergswegs;;;;;
139;Dienstadt;;;;;;;;;;;;;;;;;;;;;;;;;;;;;;;;;;;;;;;;;;;;;;;;;;;;;;;;;;;;;;;;;;;;;;;;;;18;;;weiß;GB;x;3;;;25;75;gegen Dienstadt unterhalb des Weinbergswegs;;;;;
140;Dienstadt;;;;;;;;;;;;;;;;;;;;;;;;;;;;;;;;;;;;;;;;;;;;;;;;;;;;;;;;;;;;;;;;;;;;;;;;;;19;;;weiß;GB;x;3;;;20;60.75;gegen Dienstadt unterhalb des Weinbergswegs;;;;;
141;Dienstadt;;;;;;;;;;;;;;;;;;;;;;;;;;;;;;;;;;;;;;;;;;;;;;;;;;;;;;;;;;;;;;;;;;;;;;;;;;20;;;weiß;GB;x;3;;;14;44.4;gegen Dienstadt unterhalb des Weinbergswegs;;;;;
142;Dienstadt;87.2;https://photos.app.goo.gl/Sg3x9iKWwEDHKUyg7;? (steht heute in Dienstadt im Ort);;;;;;;;;;;36;;;;;x;3;x;;73;266.45;Ohnweit hin in Thoma Kuhns Weingarten beim Roden Marckstein genant, einer mit einem Rath, 3. B. und oben einem Creütz;34;1555;;rot;;x;3;x;;73;266.45;in Andres Stangen Weingarth, der rothe Marckstein genannt;36;-;;rot;;;;;;75;273.75;ohne Jahrzahl (?) / abwärts des Wegs, der ... Steinbergs Weg genannt;38;1551;klein;rot;;x;B;;nichts;71;259.15;Anst: Philipp Kohlens Weinberg neben dem Weeg;6;1840;;rot;;x;3;;Dinstadt 1840;84;254.1;hinauf Dinstadter Weinberge Steinberg neben dem Weinbergsweg;21;1840;;rot;;x;3;;1840;15;45.45;gegen Dienstadt, drunterhalb des Weinbergswegs (Steinberg);;;;;
143;Dienstadt;;;;;;;;;;;;;;;;;;;;;;;;;;;;;;;;;;;;;;;;;;;;;;;;;;;;;;;;;;;;;;;;;;;;;;;;;;22;;;weiß;GB;x;3;;;19;57;gegen Dienstadt unterhalb des Weinbergswegs;;;;;
144;Dienstadt;86;https://photos.app.goo.gl/MMvHijSC7Upkscvv7;N 49.62824000 E 9.62395306;32;;;;;;;x;;von diesem zu Stefan Meyers Weingart zen (?) Ruthen genau ein Stein;37;;;;;x;3;x;;36;131.4;In Hanß Meyers Weingarten, im Luter (?) genant, ein Stein mit einem Rath, und 3 B. oben einem Creutz.;35;1534;;rot;;x;3;;;36;131.4;ohngefehr in Jacob Heffners des Jüngern Weingarth;37;;alt;rot;;x;3;;;35;127.75;in einem ???;39;1534;klein;rot;;x;3;;nichts;32;116.8;Anst.: Anton Buschlers Weinberg liegend;7;1857;;rot;Inschrift;x;3;;Inschrift, 1857;42;127.8;Dinstadter Weinberg am Butsen;23;1857;;rot;Inschrift;x;3;;Inschrift 1857;30;90;gegen Dienstadt unterhalb des Weinbergswegs am Luder (heute: Linder);;;;;
145;Dienstadt;;;;;;;;;;;;;;37,5;1487;;;;;;;;?;;NB: zwischen diesen findet sich noch ein alter Stein, Anno 1487 im Berg???;;;;;;;;;;;;;;;;;;;;;;;;;;;;;;;;;;;;;;;;;;;;;;;;;24;;;weiß;GB;x;3;;;11;34.8;gegen Dienstadt unterhalb des Weinbergswegs am Luder (heute: Linder);;;;;
146;Dienstadt;;;;;;;;;;;;;;;;;;;;;;;;;;;;;;;;;;;;;;;;;;;;;;;;;;;;;;;;;;;;;;;;;;;;;;;;;;25;;;weiß;GB;x;3;;;21;64.95;Eckstein / gegen Dienstadt unterhalb des Weinbergswegs am Luder (heute: Linder);;;;;
147;Dienstadt;;;;33;;;;;x;;;;ein Stein in Jacob Heffners Weingarten am Bischofsheimer Weg;38;1487;;rot;;x;3;;;44;160.6;Ohnferd davuon in Jacob Heffners Weingart ein Roder Stein mit einem Rath, 3. B. und  Jharzahll 1487.;36;1487;;rot;;x;3;x;;45;164.25;in Linhad Klilzen (?) Weingarth  / NB: den 3.10.1690 besichtigt worden. Ist gut.;38;1487;;rot;;x;;;;45;164.25;oberhalb ??? Weg / NB: ???;40;1487;Sandstein;rot;;x;B;;nichts;44;160.6;besetzet Hanns Valentin Hefners W(ittwe) Weinberg;8;1487;;rot;Sockel: 1487;x;;x;;51;153.9;hinauf, oberhalb des Vicinalweg Imberg;26;1487;;rot;Sockel: 1487;x;;;;27;83.55;Eckstein / rechts im Graben hinauf oberhalb des Vizinalwegs, am Imberg;;;;;
148;Dienstadt;;;;;;;;;;;;;;;;;;;;;;;;;;;;;;;;;;;;;;;;;;;;;;;;;;;;;;;;;;;;;;;;;;;;;;;;;;27;;;weiß;GB;x;3;;;16;48;links gegen Dienstadt oberhalb des Vizinalwegs, am Bildstock;;;;;
149;Dienstadt;84;https://photos.app.goo.gl/gKiyox6kzQpPf8pH9;N 49.63154806 E 9.62146139;;;;;;;;;;;;;;;;;;;;;;;;;;;;;;;;;;;;;;;;;;;;;;;;;;;;;;;;;;;;;;;;;;;;;;;28;;;weiß;GB;x;3;;;11;34.2;Eckstein / gegen Dienstadt oberhalb des Vizinalwegs;;;;;
150;Dienstadt;;;;;;;;;;;;;;;;;;;;;;;;;;;;;;;;;;;;;;;;;;;;;;;;;;;;;;;;;;;;;;;;;;;;;;;;;;29;;;rot;;x;3;;;21;65.7;Eckstein / rechts an der Weinbergsgrenze, Imberg hinauf;;;;;
151;Dienstadt;;;;;;;;;;;;;;;;;;;;;;;;;;;;;;;;;;;;;;;;;;;;;;;;;;;;;;;;;;;;;;9;;;rot;;x;3;;;53;159.9;hinauf im Imberg;30;;;rot;;;;;;4;12.75;gegen Dienstadt im Weinbergsgraben, Imberg;;;;;
152;Dienstadt;;;;;;;;;;;;;;;;;;;;;;;;;;;;;;;;;;;;;;;;;;;;;;;;;;;;;;;;;;;;;;;;;;;;;;;;;;31;;;weiß;GB;x;3;;;10;30.3;gegen Dienstadt, Imberg, im Weinbergsgraben;;;;;
153;Dienstadt;;;;;;;;;;;;;;;;;;;;;;;;;;;;;;;;;;;;;;;;;;;;;;;;;;;;;;;;;;;;;;;;;;;;;;;;;;32;;;weiß;GB;x;3;;;8;26.55;Eckstein / gegen Dienstadt an der Weinbergsgrenze, im Imberg;;;;;
154;Dienstadt;;;;;;;;;;;;;;;;;;;;;;;;;;;;;;;;;;;;;;;;;;;;;;;;;;;;;;;;;;;;;;;;;;;;;;;;;;33;;;weiß;GB;x;3;;;1;5.7;Eckstein / links abwärts;;;;;
155;Dienstadt;;;;;;;;;;;;;;;;;;;;;;;;;;;;;;;;;;;;;;;;;;;;;;;;;;;;;;;;;;;;;;;;;;;;;;;;;;34;;;weiß;GB;x;3;;;6;20.7;Eckstein / gegen den Schaftrieb;;;;;
156;Dienstadt;;;;;;;;;;;;;;;;;;;;;;;;;;;;;;;;;;;;;;;;;;;;;;;;;;;;;;;;;;;;;;;;;;;;;;;;;;35;;;weiß;GB;x;3;;;5;15;Eckstein / rechts am Schaftrieb hinauf;;;;;
157;Dienstadt;;;;34;;;;;;;;;ein Stein in Dittrich Wennes Weingarten, im Bru(s)chel genannt;39;1605 (?);;;;x;3;x;;75;273.75;Diesem nach ein Stein mit einem Rath 3.B. und Jharzahll 1605. Oben einem Creutz;37;1605;;;;x;3;x;;78;284.7;Schweickart Heffners Weingarth;39;1605;groß ? stehender;rot;;;;;;78;284.7;;41;1605;hoher gewölbter Sandstein;rot;;x;3;x;nichts;74;270.09999999999997;stehet Anst. Hanns Jörg Hefners W(ittwe) Weinberg;10;1605;;rot;;x;3;;;35;105.9;im Imberg;36;1605;oben und unten am Sockel (Rad 3B 1605);rot;;x;3;;;19;57.6;links hinaus oberhalb des Feldwegs;;;;;
158;Dienstadt;;;;;;;;;;;;;;;;;;;;;;;;;;;;;;;;;;;;;;;;;;;;;;;;;;;;;;;;;;;;;;;;;;;;;;;;;;37;;;weiß;GB;x;3;;;9;29.7;Eckstein / hinaus gegen Dienstadt;;;;;
159;Dienstadt;;;;;;;;;;;;;;;;;;;;;;;;;;;;;;;;;;;;;;;;;;;;;;;;;;;;;;;;;;;;;;;;;;;;;;;;;;38;;;weiß;GB;x;3;;;15;46.35;Eckstein / rechts hinauf am Graben;;;;;
160;Dienstadt;;;;;;;;;;;;;;;;;;;;;;;;;;;;;;;;;;;;;;;;;;;;;;;;;;;;;;;;;;;;;;;;;;;;;;;;;;39;;;weiß;GB;x;3;;;22;47.5;Eckstein / links hinaus gegen Dienstadt auf der Höh;;;;;
161;Dienstadt;;;;;;;;;;;;;;;;;;;;;;;;;;;;;;;;;;;;;;;;;;;;;;;;;;;;;;;;;;;;;;11;;;rot;;x;3;;;41;124.5;im Imberg;40;;;rot;;x;3;;;4;13.35;Eckstein / links abwärts, im Imberg;;;;;
162;Dienstadt;;;;;;;;;;;;;;;;;;;;;;;;;;;;;;;;;;;;;;;;;;;;;;;;;;;;;;;;;;;;;;;;;;;;;;;;;;41;;;weiß;GB;x;3;;;17;52.2;rechts hinaus gegen Dienstadt, Imberg;;;;;
163;Dienstadt;;;;;;;;;;;;;;;;;;;;;;;;;;;;;;;;;;;;;;;;;;;;;;;;;;;;;;;;;;;;;;;;;;;;;;;;;;42;;;weiß;GB;x;3;;;11;34.65;hinaus gegen Dienstadt, Imberg;;;;;
164;Dienstadt;;;;35;;;;;x;;;;noch ein Stein in der Wannen (?) in Dittrich Wennen Weingart;40;1605;;rot;;x;3;x;;64;233.6;Nechsther die Weingartten herauß uff Thoma Kuhns Ackher, quondam Dieterich Werthens ein Neuer Roder Stein mit einem Rath, 3. B und Jharzahll 1605. oben einem Creütz.;38;1605;groß;rot;;;;;;64;233.6;nechst dem Weingarth hinauf, in Wilhelm Stangen Weingarth / NB: soll besichtigt werden. Den 3.10.1690 ist besichtigt und für gut befunden worden;40;1505;erhaben;rot;;;;;;78;284.7;... Weg ?;42;1605;hoher gewölbter Stein;rot;;x;3;x;nichts;61;222.65;Anst.: Philipp Marschall;12;1605;;rot;;x;3;x;;31;94.05;auf dem Ackerfeld im Imberg;43;1605;oben und unten am Sockel (Rad 3B 1605);rot;;x;3;;;12;38.55;Eckstein / hinaus gegen Dienstadt;;;;;
165;Dienstadt;;;;;;;;;;;;;;;;;;;;;;;;;;;;;;;;;;;;;;;;;;;;;;;;;;;;;;;;;;;;;;;;;;;;;;;;;;44;;;weiß;GB;x;3;;;38;114.3;Eckstein / rechts hinauf an der Ackergrenze, im Imberg;;;;;
166;Dienstadt;;;;;;;;;;;;;;;;;;;;;;;;;;;;;;;;;;;;;;;;;;;;;;;;;;;;;;;;;;;;;;;;;;;;;;;;;;45;;;weiß;GB;x;3;;;5;17.7;Eckstein / links hinaus gegen Dienstadt;;;;;
167;Dienstadt;;;;;;;;;;;;;;;;;;;;;;;;;;;;;;;;;;;;;;;;;;;;;;;;;;;;;;;;;;;;;;;;;;;;;;;;;;46;;;weiß;GB;x;3;;;35;105.75;Eckstein / rechts hinauf am Bischofsheimer Tannenwald;;;;;
168;Dienstadt;;;;;;;;;;;;;;;;;;;;;;;;;;;;;;;;;;;;;;;;;;;;;;;;;;;;;;;;;;;;;;;;;;;;;;;;;;47;;;weiß;GB;x;3;;;15;47.4;links hinaus am Tannenwald gegen Dienstadt, am Gymnasiumsacker;;;;;
169;Dienstadt;;;;36;;;;;x;;;;alda von diesem Stein hinauf gegen die Straße zu steht ein Stein in Hans Krugs verlassener (?) Wittib Acker / NB: Ist heraus und ist ein anderer dahin gesetzt worden;41;1580;;rot;;x;3;;;66;240.9;auf Kuntz Krugs Acker von Dienstadt;39;1580;;;;x;3;;;66;240.9;etwas hinauff in Lorenz Altmanns Acker;41;1580;hoch erhaben;rot;;x;3;;;66?;240.9;NB: ???;43;1580;hoher;rot;;x;3;x;nichts;65;237.25;Anst.: Valentin Kaisers Acker liegend;13;1580;;rot;;x;3;x;;78;234;Eckstein / rechts hinauf am Imberg, am Gewann des Gymnasiums-Acker;48;1580;;rot;;x;3;;;26;78.75;Eckstein / gegen Dienstadter Wald am Gymnasiumsacker;;;;;
170;Dienstadt;;;;;;;;;;;;;;;;;;;;;;;;;;;;;;;;;;;;;;;;;;;;;;;;;;;;;;;;;;;;;;;;;;;;;;;;;;49;;;weiß;GB;x;3;;;20;62.4;rechts an der Ackergrenze hinauf;;;;;
171;Dienstadt;79;https://photos.app.goo.gl/WjBXssZFY94CYf6a6;N 49.63793500 E 9.61926639;37;;;;;x;;;;über die Straßen hinüber zur rechten Hand auf Hans Krugs Wittwe Acker/ NB: Ist heraus und ist ein anderer dahin gesetzt worden;42;1580;;rot;;x;3;;;47;171.54999999999998;die Straße hinüber...;40;1580;;rot;;x;3;;;45;164.25;Die Straßen nüber, bei jacob Heffners Acker;42;1580;erhaben;rot;;x;3;;;44;160.6;;44;1580;;rot;;x;3;x;nichts;42;153.29999999999998;neben der Straßen (?) Anst. Jörg Ühleins Acker;14;1580;;rot;;x;3;x;;54;163.5;Eckstein / rechts hinauf über die Straße am Bischofsheimer Tannenwald;50;1580;;rot;;x;3;;;31;95.4;Eckstein / an der Ackergrenze hinauf über die Külsheimer Straße, am Tannenwald Bischofsheim;;;;;
172;Dienstadt;;;;;;;;;;;;;;;;;;;;;;;;;;;;;;;;;;;;;;;;;;;;;;;;;;;;;;;;;;;;;;;;;;;;;;;;;;51;;;weiß;GB;x;3;;;13;41.1;an der Ackergrenze, an der Straße gegen Külsheim, links hinaus;;;;;
173;Dienstadt;;;;;;;;;;;;;;;;;;;;;;;;;;;;;;;;;;;;;;;;;;;;;;;;;;;;;;;;;;;;;;;;;;;;;;;;;;52;;;weiß;GB;x;3;;;28;86.4;hinaus zwischen Straße und Waldgrenze gegen Külsheim;;;;;
174;Dienstadt;;;;;;;;;;;;;;;;;;;;;;;;;;;;;;;;;;;;;;;;;;;;;;;;;;;;;;;;;;;;;;;;;;;;;;;;;;53;;;weiß;GB;x;3;;;27;83.85;hinaus an der Külsheimer Straße, zum waldstein;;;;;
175;Dienstadt;;;;;;;;;;;;;;;;;;;;;;;;;;;;;;;;;;;;;;;;;;;;;;;;;;;;;;;;;;;;;;;;;;;;;;;;;;54;;;weiß;GB;x;3;;;27;81.6;Eckstein / hinaus neben der Straße und Tannenwald gegen Külsheim;;;;;
176;Dienstadt;;;;;;;;;;;;;;;;;;;;;;;;;;;;;;;;;;;;;;;;;;;;;;;;;;;;;;;;;;;;;;;;;;;;;;;;;;55;;;weiß;GB;x;3;;;10;31.65;Eckstein / rechts abwärts am Ackerfeld und Tannenwald am Waldeck;;;;;
177;Dienstadt;;;;38;;;;;x;;;;uff der Külsamer Straßen bei dem Umpfinger Holz / NB: Ist heraus und ein anderer dargegen gesetzt;43;1580;;;;x;3;x;;70;255.5;an der Külsheimer Straße beim Dienstadter Holz;41;1580;;rot;;x;3;;;71;259.15;auf der Külsheimer Straßen bey dem Dinstatter Holz;43;1580;;rot;;x;3;;;66;240.9;in ??? nebst einem 2-stämmigen (?) Birnbaum;45;1580;;rot;;x;3;x;nichts;63;229.95;Anst. Hanns Jörg Hefners (Hafners) Acker;15;1580;;rot;;x;3;x;;82;247.8;links hinaus neben dem Tannenwald Bischofsheim und Dienstadter Ackerfeld / NB: soll gerade gestellt werden;56;1580;;rot;;x;3;;;9;27;links hinaus neben dem Ackerfeld und Tannenwald;;;;;
178;Dienstadt;;;;39;1575;;;;x;3;x;;ahm Dienstadter (durchgestrichen: Umpfinger) Hölzla bei den 5 Morgen;44;1575;;rot;;x;3;x;;90;328.5;von Dannen raus zu Anton Volks (?) Acker, am Roden Stein genannt;42;1575;;rot;;x;3;x;;91;332.15;von dannen auff Wilhelm Stangen Acker;44;1575;erhaben;rot;;x;3;;;95;346.75;;46;1575;;rot;;x;3;x;;90;328.5;Anst Hanns Jörg Meder (Mader) Acker;16;1575;;rot;;x;3;x;;112;336;Eckstein / rechts zwischen dem Tannenwald und Ackerfeld hinaus, am Eck des Walds;57;1575;;rot;;x;3;;;112;337.65;Eckstein / am Ackerfeld und Waldeck;;;;;
179;Dienstadt;;;;40;;;;;x;;x;;fürter hinab auf dem Gotteshausacker / NB: Ist heraus und ein neuer dafür gesetzt;45;1580;;;;x;3;x;;32;116.8;fürter hinab an Balthes Wehrden (?) und oben GemeinFeldt;43;1580;;;;x;3;x;;32;116.8;fürter hinab ahn Steffan Heffners Schulzen Acker oben Gemeinfeld;45;1580;erhaben;rot;;x;3;;;34;124.1;an...;47;1580;;rot;;x;3;x;nichts;30;109.5;Anst. Anton Krugs Acker;17;1580 (1882);;rot (1580);;x;3;x;;40;122.85;Eckstein / rechts hinab neben dem Tannenwald und Ackerfeld / am 27.11.1883 wurde ein neuer Stein gesetzt mit Rad, 3B, 1882, Dienstadter Seite: Inschrift & 1882;58;1882;;rot;Inschrift;x;3;;Inschrift 1882;38;114;Eckstein / rechts abwärts am Tannenwald und Ackerfeld;;;;;
180;Dienstadt;;;;;;;;;;;;;;;;;;;;;;;;;;;;;;;;;;;;;;;;;;;;;;;;;;;;;;;;;;;;;;;;;;;;;;;;;;59;;;weiß;GB;x;3;;;15;45.45;links hinaus, an der Ackergrenze des Gymnasiumsacker;;;;;
181;Dienstadt;;;;;;;;;;;;;;;;;;;;;;;;;;;;;;;;;;;;;;;;;;;;;;;;;;;;;;;;;;;;;;;;;;;;;;;;;;60;;;weiß;GB;x;3;;;10;30.75;an derselben Ackergrenze hinaus;;;;;
182;Dienstadt;;;;;;;;;;;;;;;;;;;;;;;;;;;;;;;;;;;;;;;;;;;;;;;;;;;;;;;;;;;;;;;;;;;;;;;;;;61;;;weiß;GB;x;3;;;10;32.55;an derselben Ackergrenze hinaus;;;;;
183;Dienstadt;;;;;;;;;;;;;;46;;;;;x;;x;;41;149.65;furbaß an Baltz Wehrden (?) Acker;44;;;;;x;;x;;41;149.65;fürbaß auf Georg Reugen Acker;46;-;abgescharubt;rot;;x;;;;40;146;;48;ohne;;rot;;x;ohne;x;;35;127.75;stosset Anst. das Urbani Feld und Michel Hefners Acker;18;;;rot;;x;;x;;48;144.9;hinaus am Gewann auf Dienstadter Ackerfeld / NB: Soll gerade gestellt werden;62;;;rot;;x;;;;13;40.35;Eckstein / an derselben Ackergrenze hinaus, auf dem Gewann;;;;;
184;Dienstadt;;;;;;;;;;;;;;;;;;;;;;;;;;;;;;;;;;;;;;;;;;;;;;;;;;;;;;;;;;;;;;;;;;;;;;;;;;63;;;weiß;GB;x;3;;;2;7.5;Eckstein / am Gewann rechts gegen Tannenwald;;;;;
185;Dienstadt;76;https://photos.app.goo.gl/wdNVAum8QSmPGhPTA;N 49.64213806 E 9.61754306;;;;;;;;;;;47;;;rot;;x;;x;;36;131.4;fürhin Muten uff Niclaus Hanffman (?) Acker von Dinstadt;45;;;;;x;;x;;36;131.4;fürein mitten auf Hann? Stangen wittb. Acker;47;-;;rot;;x;;;;38;138.7;;49;ohne;gewölbter Stein;rot;;x;ohne;;;33;120.45;Anst. Hanns Michel Hefners Gans...? Sohn Acker stehend;19;;;rot;;x;;x;;45;135;hinab in der Linie gegen den Dreimärker;64;;;rot;;x;;;;57;171.3;Eckstein / links hinaus an der Ackergrenze;;;;;
186;Dienstadt;;;;;;;;;;;;;;;;;;;;;;;;;;;;;;;;;;;;;;;;;;;;;;;;;;;;;;;;;;;;;;;;;;;;;;;;;;65;;;weiß;GB;x;3;;;5;16.35;rechts im Gewann gegen den Tannenwald;;;;;
187;Dienstadt;;;;;;;;;;;;;;;;;;;;;;;;;;;;;;;;;;;;;;;;;;;;;;;;;;;;;;;;;;;;;;;;;;;;;;;;;;66;;;weiß;GB;x;3;;;3;11.25;Eckstein / am Gewann gegen den Tannenwald;;;;;
188;Dienstadt;;;;;;;;;;;;;;;;;;;;;;;;;;;;;;;;;;;;;;;;;;;;;;;;;;;;;;;;;;;;;;;;;;;;;;;;;;67;;;weiß;GB;x;3;;;31;93;Eckstein / links hinaus an der Gemeinde Ackergrenze gegen den Dreimärker;;;;;
189;Dienstadt;;;;;;;;;;;;;;;;;;;;;;;;;;;;;;;;;;;;;;;;;;;;;;;;;;;;;;;;;;;;;;;;;;;;;;;;;;68;;;weiß;GB;x;3;;;1;1.8;Eckstein / rechts abwärts;;;;;
190;Dienstadt / Hochhausen;71;https://photos.app.goo.gl/DLCtSx7XcvcduT3k6;N 49.64405922 E 9.61485950;41;1493;;;;x;;;;3-Märker / von Dannen zum Eichelberg;48;1493;;rot;;x;3;x;;41;149.65;3-Märker / oben herunder dem Eichelberg zu zwischen Veit Hieren (?) dem Schultheißen zu Hochhausen und Thoma Kohn von Dinstadt;46;1493;;rot;;x;3;x;;41;149.65;3-Märker / oben hinunter den Eichelberg zu unds Philipp Heffners zu Dinstadt / Von welchem recht forth weist hinunter, so besichtigt worden, welchem Hubeuer (?) Bischoffsheim und Hochhausen mit einander gesetzt;48;1493;;;;x;3;;;42;153.29999999999998;3-Märker;50;1493;;;;x;3;x;nichts;40;146;3-Märker / neben Hanns Jörg Hefners (Hafners) Hollers-Acker;20;;;;;;;;;49;148.8;3-Märker;69 / 1;1856;;rot;Inschrift;x;3;;jew. Inschrift;3;9;3-Märker / steht auf dem Ackerfeld auf  dem Gewann;;;;;
191;Hochhausen;70;https://photos.app.goo.gl/USqjY5fXDYNcRy197;N 49.64486000 E 9.61615000;;;;;;;;;;;;;;;;;;;;;;;;;;;;;;;;;;;49;;;weiß;;;;x;;?;;???;51;1740;hoch gewölbt;rot;;x;3;;2 H;32;116.8;Anst.: Bischofsh. Gemeindfeld;1;1740;;;;;3;;;41;123.3;vom Dreimärker herunter, am Waldrand;2;1740;;rot;;;3;;;42;127.8;am Gewann herunter am Eck des Bischofsheimer Tannenwalds/ zugleich Waldstein N. 78 1/2;;;;;
192;Hochhausen;69 (vermutlich);https://photos.app.goo.gl/SewA2M7qqfM3orD76;N 49.64543306 E 9.61705472;41,5;1604 (?);;rot;;;;;;NB (am Rand): 2. Sept. Anno 1604 ist ein neuer rother Stein am Eichelberg auf Valtin Reitweins Acker gegen dem Hochhäuser Holtzla über gesetzt worden im Beysein des Hl: Kellern Paul Erstenbergers, Wilhelm Scheckardt, Rentmeisters Caspar Stockmeisters, Hans Schehrs, Stephan Vogels und Michael Jägers derzeit gewesenen Landschiedern, sodenn auch Stephan Theins Stadtschreibers.;49;;;rot;;x;;x;;60;219;ober dem Grundt uff Velten Leuthreins von Hochhausen Acker;47;;;rot;;x;;;;26.5;96.725;ein rother Stein mit dem bloßen Rath und Georg Krugen von Dienstadt Acker;50;;;rot;;x;;;;?;;???;52;ohne;hoch gewölbt;rot;;x;;;nichts;25;91.25;Anst.: Gemeindfeld;2;;;;;x;;;;32;96.45;weiter herunter zwischen dem Gemeindewald Bischofsheim & Hochhausen;3;;;;;x;;;;32;96.45;herunter zwischen tannenwald und Hochhausen;;;;;
193;Hochhausen;68;https://photos.app.goo.gl/browUFeFB7PwVudp8;N 49.64616139 E 9.61776306;;;;;;;;;;;;;;;;;;;;;;;;;;;;;;;;;;;;;;;;;;;;;;;;;;;;;;;;;;;3;1856;;rot;Gemarkungsinschrift;x;3;;;33;99;herunter am Tannenwald / NB muss erhöht werden;4;1856;;rot;Inschrift;x;3;;;33;99;herunter neben dem Tannenwald;;;;;
194;Hochhausen;67;https://photos.app.goo.gl/DAnEF5q7q9K46nfu6;N 49.64682806 E 9.61876639;42;;;;;x;;x;;fürter hinab bei Hans Grubers Feuerholzla (?) zwischen dem Hain und Eichelberg nit weit dem Graben steht ein gesetzter Stein / NB: Ist heraus un ein neuer dagegen gesetzt;50;1580;;rot;;x;3;x;;54;197.1;fürder uff des ??? Acker;48;1580;;rot;;x;3;;;54;197.1;fürter auf Georg Schmidten von Haochhausen Acker;51;1580;;rot;;x;3;;;46;167.9;am N??? Wald (?);53;1580;hoch gewölbt;rot;;x;3;x;nichts;51;186.15;Anst. der Graben und Peter Eberweins Holtz;4;1580;;;;x;3;;;33;101.1;herunter;5;1580;;;;x;3;;;33;101.1;herunter am Tannenwald;;;;;
195;Hochhausen;63 (evtl.);https://photos.app.goo.gl/GknwUK1LFR5GNyJv6;N 49.64748528 E 9.61933764;43;;;;;;;x;;zwischen dem Hayn und Schweitzers Grund beym Graben / NB: ist heraus und ein neuer dahin gesetzt;51;;;rot;;x;;x;;36;131.4;forthin uff den Hainen dem Schweitzersgrundt zu;49;-;;rot;;x;;x;;35;127.75;fürterhin auf dem Hain dem Schweickerts Grund zu;52;-;gesch...gter ?;rot;;x;;x;;35;127.75;;54;;;rot;;x;;x;nichts;34;124.1;oben imn Thannen Wald;5;;;;;;;;;42;128.1;am Tannenwald;6;;;;;;;;;42;128.1;herunter im Tannenwald;;;;;
196;Hochhausen;;;;;;;;;;;;;;;;;;;;;;;;;;;;;;;;;;;;;;;;;;;;;;;;;;;;;;;;;;;;;;6;;;;;x;3;;;29;88.5;links gegen das Ackerfeld herunter;7;;;;Inschrift;x;3;;;29;88.05;herunter links Tannenwald gegen das Ackerfeld;;;;;
197;Hochhausen;;;;;;;;;;;;;;;;;;;;;;;;;;50;1580;;rot;;x;3;;;58;211.7;am Schweickers Graben;53;1580;;rot;;x;3;;;64?;233.6;am Graben stehend?;55;1580;hoch gewölbt;rot;;x;3;x;nichts;60;219;neben Schweitzer-Graben;7;1580;;;;x;3;;;45;137.4;herunter;8;1580;;;;x;3;;;45;137.4;herunter am Tannenwald / zugleich Waldstein N. 70;;;;;
198;Hochhausen;;;;;;;;;;;;;;;;;;;;;;;;;;;;;;;;;;;;;;;;;;;;;;;;;;;;;;;;;;;;;;;;;;;;;;;;;;9;;;;;;;;;24;73.65;neben Gewann und Wald;;;;;
199;Hochhausen;57;https://photos.app.goo.gl/7dMmMo24jyypZ81e8;N 49.64850343 E 9.62470112;;;;;;;;;;;;;;;;;;;;;;;51;1580;groß;rot;;x;3;;;13;47.449999999999996;zwischen Adam Moren Erben und Hannß Geyer;;;;;;;;;;;;;;;;;;;;;;;;;8;1856;;rot;Inschrift;x;3;;;32;96;herunter auf dem Ackerfeld;10;1856;;rot;Inschrift;x;3;;;14;42.6;herunter, neben Ackerfeld und Graben;;;;;
200;Hochhausen;;;;;;;;;;;;;;;;;;;;;;;;;;;;;;;;;;;;;;;;;;;;;;;;;;;;;;;;;;;;;;;;;;;;;;;;;;11;;;rot;GB;x;3;;;8;26.55;herunter neben dem Graben und Ackerfeld;;;;;
201;Hochhausen;;;;44;1575;;;;x;;;;unden hinab im Schweitzers Grund ahm Graben;52;1575;oben rund;rot;;x;3;;;58;211.7;herunder über den Schweitzersgraben fast im Eck uff Mary Klocken (?) und Hans ? Acker;52;1575;;rot;;x;3;;;56;204.4;fürter hinunter, hart am Rain;53,5;1575;;rot;;x;3;;;60;219;gleich am H???;56;1575;hoch breit;rot;;x;3;;nichts;53;193.45;neben Valtin Geyers Acker und dem Graben;9;1575;;;;x;3;;;34;104.1;herunter im Hain am Graben;12;1575;;;;x;3;;;19;57.6;herunter neben dem Graben und Ackerfeld;;;;;
202;Hochhausen;;;;44,5;;;;;;;;;NB: an obbenüheben Orth besser nach Hochhausen noch einer ciqdem qualitatis (gleicher Qualität) über dem Graben in der Höhe;53;1580;hoch;rot;;x;3;x;;13;47.449999999999996;Ohnfehr zwischen Hans Sebers Acker und Lorenz Gallen Weingarten;53;1580;;rot;;x;3;;;13;47.449999999999996;forthan, auf Hannß Gfallhammers (?) Weingarth;54;1580;;;;x;3;x;;13;47.449999999999996;ein gleich ... am ...berg stehender Stein;57;1580;;rot;;x;3;x;nichts;13;47.449999999999996;neben Michel Knollens (?) Acker und dem Weinberg;10;1580;;;;x;3;;;44;44.4;Eckstein / über den Graben am Leinthalsberg;13;1580;;;;x;3;;;15;45.6;Eckstein / über den Graben am Fuße des leinthalsberg;;;;;
203;Hochhausen;;;;;;;;;;;;;;;;;;;;;;;;;;;;;;;;;;;;;;;;;;;;;;;;;;;;;;;;;;;;;;;;;;;;;;;;;;14;;;rot;GB;x;3;;;6;19.8;rechts abwärts am Fuße des Leinthalsberg;;;;;
204;Hochhausen;;;;;;;;;;;;;;;;;;;;;;;;;;;;;;;;;;;;;;;;;;;;;;;;;;;;;;;;;;;;;;;;;;;;;;;;;;15;;;rot;GB;x;3;;;11;33;abwärts am Leinthalsberg;;;;;
205;Hochhausen;;;;;;;;;;;;;;;;;;;;;;;;;;;;;;;;;;;;;;;;;;;;;;;;;;;;;;;;;;;;;;;;;;;;;;;;;;16;;;;GB;x;3;;;10;32.55;abwärts am Fuße des Leinthalsberg;;;;;
206;Hochhausen;54;https://photos.app.goo.gl/Rz3jxLJM3kMdmAVx7;N 49.64788639 E 9.62757639;;;;;;;;;;;;;;;;;;;;;;;;;;;;;;;;;;;;;;;;;;;;;;;;;;;;;;;;;;;11;1856;;rot;Inschrift;x;3;;;42;127.65;rechts hervor am Fuße des Leinthalsberg;17;1856;;;Inschrift;x;3;;;14;42.6;am Fuße des Leinthalsberg;;;;;
207;Hochhausen;;;;;;;;;;;;;;;;;;;;;;;;;;;;;;;;;;;;;;;;;;;;;;;;;;;;;;;;;;;;;;;;;;;;;;;;;;18;;;;GB;x;3;;;19;57;am Fuße des Leinthalsberg;;;;;
208;Hochhausen;;;;;;;;;;;;;;;;;;;;;;;;;;;;;;;;;;;;;;;;;;;;;;;;;;;;;;;;;;;;;;;;;;;;;;;;;;19;;;;GB;x;3;;;13;40.95;am Fuße des Leinthalsberg;;;;;
209;Hochhausen;53;https://photos.app.goo.gl/x1YmcvCa4nBEvoNj8;N 49.64695806 E 9.62854639;45;;;;;x;;;;fürter oben im Leintal steht ein Stein bey Lorenz Gall und Velten Glebes Weingarten / NB: Ist heraus und ein neuer gesetzt;54;1580;;;;x;3;x;;22;80.3;Den Leintheils Weg herunder daran zugleich die Äcker stoßen zwischen Asmus Mohr und Velten Englerth (?);54;1580;;rot;;x;3;;;78;284.7;das Leinthal hinunter bey Friederich Mohren Weingarth;55;1580;;rot;;x;3;;;70;255.5;am...;58;1580;hoch;rot;;x;3;x;nichts;67;244.54999999999998;Anst Hanns Schmith Jung Weinberg von Hochhausen;12;1580;;;;x;3;;;43;131.7;hervor am Fuße des Leinthalsberg;20;1580;;;;x;3;;;11;34.05;am Fuße des Leinthalsberg;;;;;
210;Hochhausen;;;;;;;;;;;;;;;;;;;;;;;;;;;;;;;;;;;;;;;;;;;;;;;;;;;;;;;;;;;;;;;;;;;;;;;;;;21;;;;GB;x;3;;;13;39.6;am Fuße des Leinthalsberg;;;;;
211;Hochhausen;;;;;;;;;;;;;;;;;;;;;;;;;;;;;;;;;;;;;;;;;;;;;;;;;;;;;;;;;;;;;;;;;;;;;;;;;;22;;;;GB;x;3;;;20;60;am Fuße des Leinthalsberg;;;;;
212;Hochhausen;;;;;;;;;;;;;;;;;;;;;;;;;;;;;;;;;;;;;;;;;;;;;;;;;;;;;;;;;;;;;;;;;;;;;;;;;;23;;;;;;;;;11;34.5;am Fuße des Leinthalsberg;;;;;
213;Hochhausen;50;https://photos.app.goo.gl/TN5JrPaAFwitA5Tz6;N 49.64572139 E 9.62948000;;;;;;;;;;;;;;;;;;;;;;;;;;;;;;;;;;;;;;;;;;;;;;;;;;;;;;;;;;;13;;;;Inschrift;x;3;;;52;156;hervor am Fuße des Leinthalsberg;24;;;;;;;;;7;21.9;am Fuße des Leinthalsberg;;;;;
214;Hochhausen;49;https://photos.app.goo.gl/ZT6LwvuqG2gAQFq86;N 49.64516139 E 9.63007806;;;;;;;;;;;;;;;;;;;;;;;;;;;;;;;;;;;;;;;;;;;;;;;;;;;;;;;;;;;14;1872;;rot;Inschrift;x;3;;G.H.;21;;hervor an dem Leinthalsberg / Ist den 28.10.1872 neu gesetzt worden;25;1872;;;Inschrift;x;3;;;25;75.6;am Fuße des Leinthalsberg;;;;;
215;Hochhausen;;;;;;;;;;;;;;;;;;;;;;;;;;;;;;;;;;;;;;;;;;;;;;;;;;;;;;;;;;;;;;;;;;;;;;;;;;26;;;;;;;;;9;29.85;am Fuße des Leinthalsberg;;;;;
216;Hochhausen;47;https://photos.app.goo.gl/osYbSwJGpy4xp2T68;N 49.64470639 E 9.63065639;46;;;;;;;x;;von dannen den Leintalsweg hinab zwischen den Weingarten und Äckern, da oben den Weingart unden der Acker Veltin Grebners gewesen ist / NB: Ist hinaus und ein neuer gesetzt;55;1580;;rot;;x;3;;;87;317.55;furbaß den Grundt herunder uff Hans Brummers Wittiben Weingart;55;1580;;rot;;x;3;;;85;310.25;fürbaß, auf Henrich Deiners Weinberg;56;1580;;rot;;x;3;;;86.25;314.8125;gleich...;59;1580;;rot;;x;3;x;nichts;83;302.95;neben dem Weinberg und Ackerfeld;15;1580;;;;x;3;;;30;91.5;hervor am Leinthalsberg;27;1580;;;;x;3;;;17;51.3;am Fuße des Leinthalsberg;;;;;
217;Hochhausen;;;;;;;;;;;;;;;;;;;;;;;;;;;;;;;;;;;;;;;;;;;;;;;;;;;;;;;;;;;;;;;;;;;;;;;;;;28;;;;GB;x;3;;;18;56.7;am Fuße des Leinthalsberg;;;;;
218;Hochhausen;;;;;;;;;;;;;;;;;;;;;;;;;;;;;;;;;;;;;;;;;;;;;;;;;;;;;;;;;;;;;;;;;;;;;;;;;;29;;;;;;;;;7;21.3;am Fuße des Leinthalsberg;;;;;
219;Hochhausen;46;https://photos.app.goo.gl/iiie8an82y7Rr5RX6;N 49.64383998 E 9.63167491;;;;;;;;;;;;;;;;;;;;;;;;;;;;;;;;;;;;;;;;;;;;;;;;;;;;;;;;;;;16;1872;;rot;Inschrift;x;3;;G.H.;35;105.3;hervor am Leinthalsberg / Ist den 28.10.1872 neu gesetzt worden;30;;;;;;;;;9;27.6;am Fuße des Leinthalsberg;;;;;
220;Hochhausen;;;;;;;;;;;;;;;;;;;;;;;;;;;;;;;;;;;;;;;;;;;;;;;;;;;;;;;;;;;;;;;;;;;;;;;;;;31;;;;;;;;;13;41.1;am Fuße des Leinthalsberg;;;;;
221;Hochhausen;45;https://photos.app.goo.gl/EXwAWYKAfgLvXHzN7;N 49.64352401 E 9.63194496;;;;;;;;;;;;;;;;;;;;;;;;;;;;;;;;;;;;;;;;;;;;;;;;;;;;;;;;;;;17;;;rot;Inschrift;x;3;;;28;86.4;hervor am Leinthalsberg;32;;;;;;;;;15;46.71;am Fuße des Leinthalsberg;;;;;
222;Hochhausen;43;https://photos.app.goo.gl/aKegQ5qR7Wt7gzex9;N 49.64259102 E 9.63315442;;;;;;;;;;;;;;;;;;;;;;;;;;;;;;;;;;;;;;;;;;;;;;;;;;;;;;;;;;;18;1872;;rot;Inschrift;x;3;;G.H.;22;68.4;hervor unten am Leinthalsberg / Ist den 28.10.1872 neu gesetzt worden;33;1872;;;Inschrift;x;3;;;26;79.95;am Fuße des Leinthalsberg;;;;;
223;Hochhausen;;;;;;;;;;;;;;;;;;;;;;;;;;;;;;;;;;;;;;;;;;;;;;;;;;;;;;;;;;;;;;;;;;;;;;;;;;34;;;;;;;;;11;33.3;am Fuße des Leinthalsberg;;;;;
224;Hochhausen / Impfingen;;;;47;;;;;x;;x;;3-Märker / fürter wohl im weeg hinab in Claus Webers Weingart, stoßen Bischofsheimer und Umpfinger Gemarkung zusammen und endet sich Hochhausen, Umpfingen auf der Seiten dem Leintal zu / NB: Ist ein neuer dahin gesetzt worden;56;;;;;x;3;x;;98;357.7;3-Märker (?) / recht hinunter zwischen Claus Webers und Jörg Kauffmans von Hochhausen / allda kommen Bischoffsheim und Ympfingen zusammen;56;1580;ziemlich gesund;rot;;X;3;;;98;357.7;3-Märker / ferner hinunter, in Michael Hellmuthß Weingarth. So ein 3 Märcker.;57;1580;;rot;;x;3;;;94;343.09999999999997;3-Märker;60;;;;;;;;;?;;3-Märker / solle ein 3 Märcker sein, so man denmahlig nicht findet;19 / 0;1852;dreieckig;rot;Gemarkungsinschrift;x;3;;;30;91.5;3-Märker / hervor am Fuße des Leinthalsberg;35 / 1;1852;;rot;Inschrift;x;3;;;17;51.6;3-Märker / am Fuße des Leinthalsberg;;;;;
225;Impfingen;;;;;;;;;;;;;;;;;;;;;;;;;;;;;;;;;;;;;;;;;;;;;;;;;;;;;;;;;;;;;;;;;;;;;;;;;;2;;;weiß;GB;x;3;;GJ;22;66.9;am Fuß des Leinthalsberg;;;;;
226;Impfingen;;;;;;;;;;;;;;;;;;;;;;;;;;;;;;;;;;;;;;;;;;;;;;;;;;;;;;;;;;;;;;;;;;;;;;;;;;3;;;weiß;;;;;;26;79.3;am Fuß des Leinthalsberg;;;;;
227;Impfingen;42;https://photos.app.goo.gl/6qsWjN6sK6MweNx76;N 49.64146139 E 9.63610139;;;;;;;;;;;;;;;;;;;;;;;;;;;;;;;;;;;;;;;;;;;;;;;;;;;;;;;;;;;1;1852;;rot;Inschrift;x;3;;Inschrift;55;166.5;herunter an den Leinthalsgraben bei Papst;4;1852;;rot;Inschrift;x;3;;;15;46.5;am Leinthalsgraben beim Popst;;;;;
228;Impfingen;;;;;;;;;;;;;;;;;;;;;;;;;;;;;;;;;;;;;;;;;;;;;;;;;;;;;;;;;;;;;;;;;;;;;;;;;;5;;viereckig;weiß;GB;x;3;;GI;8;24.72;abwärts am Leinthalsgraben rechts des Grabens;;;;;
229;Impfingen;40;https://photos.app.goo.gl/dE9CkcGx7fy33fGp7;N 49.64138006 E 9.63762675;48;1493;;;;x;;;;am Leintalsgraben;57;1493;;;;x;3;x;;25;91.25;Den Leinthals Graben herab uff Endreas Heilmanns Acker;57;1655;;rot;;x;3;;;75;273.75;am Leinthalsgraben herrab in Georg Hemmerichs Acker;58;1655;groß;rot;;x;3;;;76;277.4;nahe am Leintalgraben stehend;61;1655;hoch;rot;;x;3;x;nichts;?;;Anst. Thoma Wonner (?) Erben und der Graben;2;1650;;rot;;x;3;x;;37;111;am Leinthalsgraben hervor am Acker Gewann;6;1650;;rot;;x;3;x;;28;86.25;herunter am leinthalsgraben am Ackergewann;;;;;
230;Impfingen;39;https://photos.app.goo.gl/X6pH5C83VmBKM8336;N 49.64150728 E 9.63967246;;;;;;;;;;;;;;;;;;;;;;;;;;;;;;;;;;;;;;;;;;;;;;;;;;;;;;;;;;;3;1868;;rot;Inschrift;x;3;;;50;152.1;am Leinthalsgraben hervor;7;1868;;rot;Inschrift;x;3;;;50;152;herunter am Leinthalsgraben;;;;;
231;Impfingen;38;https://photos.app.goo.gl/44fMKiWbBPZEhxzo7;N 49.64170259 E 9.64125167;;;;;;;;;;;;;;;;;;;;;;;;;;;;;;;;;;;;;;;;;;;;;;;;;;;;;;;;;;;4;1852;;rot;Inschrift;x;3;;;37;111;am Leinthalsgraben herunter;8;1852;;rot;Inschrift;x;3;;;37;111;herunter am Leinthalsgraben;;;;;
232;Impfingen;37;https://photos.app.goo.gl/hxa9aZjyKUujEye78;N 49.64207874 E 9.64337146;;;;;;;;;;;;;;;;;;;;;;;;;;;;;;;;;;;;;;;;;;;;;;;;;;;;;;;;;;;5;1868;;rot;Inschrift;x;3;;;53;159.6;am Leinthalsgraben herunter;9;1868;;rot;Inschrift;x;3;;;53;159.6;herunter am Leinthalsgraben;;;;;
233;Impfingen;36;https://photos.app.goo.gl/iY2pMh9fBC5JVpB67;N 49.64241972 E 9.64539500;;;;;;;;;;;;;;;;;;;;;;;;;;;;;;;;;;;;;;;;;;;;;;;;;;;;;;;;;;;6;1852;;rot;Inschrift;x;3;;;49;149.7;den Leinthalsgraben herunter;10;1852;;rot;Inschrift;x;3;;;49;149.7;herunter am Leinthalsgraben / NB: von 4 bis 11 bildet die Leinthalgrabenmitte die Gemarkungsgrenze;;;;;
234;Impfingen;;;;;;;;;;;;;;;;;;;;;;;;;;;;;;;;;;;;;;;;;;;;;;;;;;;;;;;;;;;;;;;;;;;;;;;;;;11;;viereckig;weiß;GB;x;3;;GI;24;73.5;herunter am Leinthalsgraben;;;;;
235;Impfingen;;;;;;;;;;;;;;;;;;;;;;;;;;;;;;;;;;;;;;;;;;;;;;;;;;;;;;;;;;;;;;;;;;;;;;;;;;12;;;weiß;GB;x;3;;GI;26;78.6;zwischen Ackergrenze Impfingen & Bischofsheim, herunter am Hochhäuser Weg;;;;;
236;Impfingen;;;;;;;;;;;;;;;;;;;;;;;;;;;;;;;;;;;;;;;;;;;;;;;;;;;;;;;;;;;;;;;;;;;;;;;;;;13;1858;;rot;;x;3;;;7;21;Eckstein / unter der Eisenbahnlinie an der Altnau;;;;;
237;Impfingen;xx4 (1493) bzw. 35 (1858);https://photos.app.goo.gl/2jaro9ZhSjjSz3637 bzw https://photos.app.goo.gl/DeipeLLCHsWGhmiE8;? (heute im Schloss, 1493) bzw. (1858) N 49.64302247 E 9.64764630;49;;;;;x;;;;unten dem Hochhäuser Weg auf Bischoffsheimer Seite nit weit dem Graben;58;1493;;;;x;3;x;;207;755.55;herab an dem Hochhauser Weg;58;1493;;;;x;3;x;;205;748.25;am Hochhäuser Weg;59;;neu?;rot;;x;3?;;;205;748.25;;62;1680;;rot;;x;3;x;;201;733.65;am Hochhäuser Weg und Georg Ochsen Acker;7;1858;;rot;;x;3;;;58;174;Eckstein / am Leinthalsgraben herunter über die Eisenbahnlinie;14;;viereckig;weiß;GB;x;3;;GI;13;39;links abwärts neben der Bahn gegen Hochhausen;;;;;
238;Impfingen;;;;;;;;;;;;;;;;;;;;;;;;;;;;;;;;;;;;;;;;;;;;;;;;;;;;;;;;;;;;;;;;;;;;;;;;;;15;;;rot;;x;3;;;4;12.75;über den Ackerfeldweg gegen Hochhausen;;;;;
239;Impfingen;;;;50;1407;;;;x;;;;fürter über den Graben den Hochhäuser Weg hinab gleich neben dem Weeg, scheidet bischoffsheimb und umpfingen;59;1407 (unter Erde: 1481);;rot;x;x;3?;;;31;113.14999999999999;Den Hochhauser Weg herab ein roder Scheidt Stein mit einem Rath und Jahrzahl ober Erdens 1407, in der Erden aber 1481 auch einem Maintzisch rath in einem Schildt, neben demselben ein B. Weiter hat man nicht gesucht oder nachgegraben;59;1407 (unter Erde: 1481);;rot;;x;1;;;31;113.14999999999999;dem Hochhäuser Weg hinab ein roter Schied (?) Stein / NB: weilen dieser Stein durch das wilde Wasser herrauß gerießen worden ist, an dessen Stelle den 3.10.1690 ein anderer mit Jahrzahl 1680 gesetzt worden;60;1407;;rot;;x;;;;?;;am Hochhäuser Weg hinab / wegen Jahrzahl (?) unvermessen?;63;1407;;rot;;x;;x;nichts;30;109.5;Anst. Hochhäuser Seiths der Weeg;8;1842;;rot;;x;3;x;;37;112.8;Eckstein /links abwärts neben dem Hochhäuser Vizinalweg herunter;16;1842;;rot;;x;3;x;;20;60.78;Eckstein / abwärts gegen Hochhausen am Hochhäuser Wegam Gewann;;;;;
240;Impfingen;xx3;https://photos.app.goo.gl/kUW6YMA5fVAKu4Uk9;? (heute am Schloss);;;;;;;;;;;;;;;;;;;;;;;;;;;;;;;;;;;;;;;;;;;;;;;;;;;;;;;;;;;9;1851;;rot;Jahrzahl beschädigt;;;;Inschrift;38;114.15;rechts am Ackergewann hinüber gegen Impfingen;17;1857;;rot;Inschrift;;;;Inschrift;38;114.6;am Gewann abwärts;;;;;
241;Impfingen;;;;;;;;;;;;;;;;;;;;;;;;;;;;;;;;;;;;;;;;;;;;;;;;;;;;;;;;;;;;;;;;;;;;;;;;;;18;;;weiß;GB;x;3;;GI;14;43.35;Eckstein / am Gewann abwärts gegen Impfingen;;;;;
242;Impfingen;;;;;;;;;;;;;;;;;;;;;;;;;;;;;;;;;;;;;;;;;;;;;;;;;;;;;;;;;;;;;;;;;;;;;;;;;;19;;;weiß;GB;x;3;;;8;26.1;Eckstein / rechts gegen Bischofsheim in der Auen rechts des Wegs;;;;;
243;Impfingen;;;;;;;;;;;;;;;;;;;;;;;;;;;;;;;;;;;;;;;;;;;;;;;;;;;;;;;;;;;;;;;;;;;;;;;;;;20;;;weiß;GB;x;3;;;13;39;links gegen Impfingen am Weg;;;;;
244;Impfingen;31;https://photos.app.goo.gl/gJLBVNwruexGAK8v6;? (steht heute in Impfingen im Ort in Anlage beim Mühlkanal);51;1580;;rot;;x;;;;weiter nach Umpfingen zu in Glocken Hege uff Hans Lippen Wiesen;60;1580;;;;x;;;;120;438;Nacher Ympfingen und an der Lippenheg;60;1580;;;;x;3;;;120;438;gegen Impfingen an der Biggenheeg;61;1580;;rot;;x;3;;;116;423.4;ahn Hochhäuser fürüber in den Weg (?);64;1580;;rot;;x;3;;nichts;109;397.84999999999997;Anst. Barthel Maningers Wiese;10;1851;;;Inschrift;x;3;;Inschrift;50;150;am Gewann herunter gegen Impfingen / dieser Stein steht auf dem Acker des Valentin Beringer von Impfingen in der Altenau;21;1857;;rot;Inschrift;x;3;;;18;54;abwärts neben dem Weg gegen Impfingen, Altnau;;;;;
245;Impfingen;;;;;;;;;;;;;;;;;;;;;;;;;;;;;;;;;;;;;;;;;;;;;;;;;;;;;;;;;;;;;;;;;;;;;;;;;;22;;viereckig;weiß;GB;x;3;;GI;20;60.9;abwärts gegen Impfingen rechts des Wegs;;;;;
246;Impfingen;;;;;;;;;;;;;;;;;;;;;;;;;;;;;;;;;;;;;;;;;;;;;;;;;;;;;;;;;;;;;;;;;;;;;;;;;;23;;;weiß;GB;x;3;;GI;15;44.85;abwärts gegen Impfingen, rechts des Wegs;;;;;
247;Impfingen;34;https://photos.app.goo.gl/cPQNKrDF6fdX5S4W8;N 49.64566774 E 9.65246723;;;;;;;;;;;;;;;;;;;;;;;;;;;;;;;;;;;;;;;;;;;;;;;;;;;;;;;;;;;11;1858;;rot;Inschrift;x;3;;Inschrift;54;163.59;gegen Impfingen im Hochhäuser Grund;24;1858;;rot;Inschrift;x;3;;Inschrift;22;66.9;gegen Impfingen am Wässergraben;;;;;
248;Impfingen;;;;52;1580;;;;x;3;;;von diesem Stein zu stracks nach der Tauber zu hinter dem Wehr uff Hans Lippes (?) Wiesen steht ein neuer rother stein... / scheidet nach dem Impfinger Kirchthurm zu vermeintlich findet (?) damit ein Stein haben werden, den, wie man sagt, soll es im Wirthshaus zu Umpfingen under dem Heerd ein Stein mit einem gehauenen mayntzischen Rad stehen;61;1580;;;;x;3;;;25 ?;91.25;Recht nach und an der Tauber uff Hans Platzen Wiesen avis (?) letzt Stein mit einem Rad 3B Jahrzahl 1580 uff den Ympfinger Pfarthurm weisend. Distat 25 Ruden. NB: Vermutlich daraus apruhtig (?) auf den Kirchthurm zeigend, den ? man fast sollens in das Würthaus zu Ympfingen under dem Herdt ein Stein mit 1 gehauenen Rath Maintzisch haben;61;1618;;;;x;1;;;26;94.89999999999999;recht nach, nicht weit von der Tauber auf Velten Plazen Wiib. Wiesen;62;;;;;x;3;;;25;91.25;beym Wehr nahe Tauber;65;1618;gewölbt;rot;x;x;1;;1618;26;94.89999999999999;Ruthen von der Tauber B (?) Ruthen;12;1618;;rot;;x;3;;1618;31;93.3 / dann 21 Meter bis zur alten Tauber;Eckstein / der letzte Gemarkungsstein bei der Tauber;25;1618;;rot;;x;3;;1618;21;65.7;gegen Impfingen am Wässergraben;;;;;
249;Impfingen;;;;;;;;;;;;;;;;;;;;;;;;;;;;;;;;;;;;;;;;;;;;;;;;;;;;;;;;;;;;;;;;;;;;;;;;;;26;;;weiß;GB;x;3;;GI;2;7.71;über dem Wässergraben gegen die Tauber;;;;;
250;Impfingen;;;;;;;;;;;;;;;;;;;;;;;;;;;;;;;;;;;;;;;;;;;;;;;;;;;;;;;;;;;;;;;;;;;;;;;;;;27;;;weiß;GB;x;3;;GI;12;36;gegen die Tauber unterhalb Genossenschaft / Bis zur Tauber 5.1m. Von hier aus scheidet die Taubermitte, bis hinauf am Schöllenwört die Gemarkungsgrenze, welche nicht gemessen wurde.;;;;;
251;Impfingen;32;https://photos.app.goo.gl/6RBK1ptoZ1a8xdVs5;? (steht heute in Impfingen im Ort in Anlage beim Mühlkanal);53;;;;;x;;x;;Impfingen jenseits der Tauber von Impfingen liegt / ein Stein am Schollen Werth nah bey der Tauber;62;1477;;;;x;1;x;;?;;an dem Schollen Werth hart an der Tauber under einer lebendigen Hegen;62;1477;3 Steine übereinander;;;x;1;;;?;;jenseits der Tauber ober Impfingen bey dem Schollen Werth hart an der Tauber unter einer lebendigen Heeg ein Stein mit dem Rath oben und unten ein B. Stoßen 3 oben einander AO 1646. Gehoben worden und soll der unterigst die Jahrzahl haben 1477;63;;;rot;;x;;;;?;;nahe der Tauber in einem Hang stehend;66;;;rot;;x;;x;nichts;27 + Tauberbreite (?);98.55 + Tauberbreite;1 Ruthe von der Tauber und in einer lebendigen Heeg stehend;13;1846;;;Gemarkungsinschrift;x;3;;Gemarkungsinschrift 1846;7 + Grenzverlauf am Tauberufer entlang zwischen 12 und 13;21 + Grenzverlauf am Tauberufer entlang zwischen 12 und 13;von hier aus scheidet die alte Tauber die Gemarkungsgrenze und wurde vom Stein 12 im Hochhäusergrund links der alten Tauber bis Stein 13 am Schöllenwörth rechts der alten Tauber nicht eingemessen, welcher sehr nah am Fluß steht;28;1846;;;Inschrift;;;;Inschrift;;nicht gemessen (siehe Kommentar bei 27);im Schöllenwört / Rückmaß zur Tauber 9 Meter unten;;;;;
252;Impfingen;;;;;;;;;;;;;;;;;;;;;;;;;;;;;;;;;;;;;;;;;;;;;;;;;;;;;;;;;;;;;;14;1872;;;Inschrift;x;3;;g.g. Impfingen 1872;40;122.7;soll neu gesetzt werden eng herauf gegen Bischofsheim am Schöllenwörth rechts der alten Tauber / ist neu gesetzt worden den 21.12.1872;29;1872;;;;x;3;;Inschrift g.g. 1872;;nicht gemessen;deßgleichen der Stein im Schöllenwört hinten im Reng [Rain] / Rückmaß zur Tauber 3m. Von hier aus scheidet die Taubermitte bis hinauf gegen bischofsheim zum weißen viereckigen Stein, oberhalb des Schöllenwört, die Gemarkungsgrenze, bis Stein Nr. 26 welcher nicht eingemessen wurde, dieser steht auf den Wiesen hart an der Tauber im Impfingergrund.;;;;;
253;Impfingen;;;;;;;;;;;;;;;;;;;;;;;;;;;;;;;;;;;;;;;;;;;;;;;;;;;;;;;;;;;;;;;;;;;;;;;;;;30;;;;;;;;;;nicht gemessen;Eckstein an der Tauber;;;;;
254;Impfingen;;;;;;;;;;;;;;;;;;;;;;;;;;;;;;;;;;;;;;;;;;;;;;;;;;;;;;;;;;;;;;;;;;;;;;;;;;31;;;weiß;GB;x;3;;GI;1;3;;;;;;
255;Impfingen;;;;;;;;;;;;;;;;;;;;;;;;;;;;;;;;;;;;;;;;;;;;;;;;;;;;;;;;;;;;;;;;;;;;;;;;;;32;;;weiß;GB;x;3;;GI;4;12;Eckstein / rechts gegen Bischofsheim;;;;;
256;Impfingen;;;;;;;;;;;;;;;;;;;;;;;;;;;;;;;;;;;;;;;;;;;;;;;;;;;;;;;;;;;;;;;;;;;;;;;;;;33;;;weiß;GB;x;3;;GI;3;9.3;Eckstein / links gegen die Straße;;;;;
257;Impfingen;30;https://photos.app.goo.gl/yrqgs9Wc7d6T1qsHA;N 49.64217474 E 9.65904437;54;1472;;;;x;;;;oben im Eck im Schollenwirth;63;;dreieckig;;;x;;x;;22;80.3;am Rein zwischen dem Wiesenpfadt ein dreyeckigter Stein gegen der Tauber;63;;dreieckig;;;x;;x;;77;281.05;ein drey eckigter Stein am Rein bey dem Wiesen Pfad gegen der Tauber...auf Georg Wirbachs Acker;64;;;rot;;x;;x;;72;262.8;;67;;dreieckiger Sandstein;;;x;;x;;69;251.85;4 Ruthen von der Tauber, zwischen Acker und Wiese stehend;15;1846;;rot;Inschrift;x;;;Inschrift 1846;47;143.1;Eckstein / oben am Schöllenwört auf der Wiese des Berthel Sauer von Impfingen rechts der alten Tauber;34;1846;;rot;Inschrift;x;3;;Inschrift 1846;10;31.68;Eckstein / rechts gegen bischofsheim;;;;;
258;Impfingen;;;;55;1580;;;;x;3;;;von diesem Stein hinauff unwendig der Straßen zwischen Hans Kemesten (?) des Schulteßen und Velta Gans Acker / Ist erst ahn des alten Steins Seiten gesetzt worden;64;1580;;rot;;x;3;x;;15;54.75;die Äcker anwenden herauf an die Straßen;64;1580;;rot;;x;3;;;15;54.75;Die Acker ohnwanden hinnaust;65;1580;;rot;;x;3;;;?;;unterhalb des Wegs... / 1580, davon Zahl 15 abgeschlagen;68;1580;;rot;;x;3;x;nichts;13;47.449999999999996;neben der Straße;16;1580;;rot;;x;3;x;;16;48.6;Eckstein / links hinauf an der Landstraße Wertheim;35;1580;;rot;;x;3;x;;15;45.9;Eckstein / links hinauf über Straße;;;;;
259;Impfingen;;;;;;;;;;;;;;;;;;;;;;;;;;;;;;;;;;;;;;;;;;;;;;;;;;;;;;;;;;;;;;;;;;;;;;;;;;36;;;weiß;GB;x;3;;GI;16;49.8;neben der Straße gegen bischofsheim;;;;;
260;Impfingen;;;;;;;;;;;;;;;;;;;;;;;;;;;;;;;;;;;;;;;;;;;;;;;;;;;;;;;;;;;;;;;;;;;;;;;;;;37;;;weiß;GB;x;3;;GI;34;102.4;Eckstein / neben der Straße gegen bischofsheim;;;;;
261;Impfingen;;;;56;1580;;rot;;;;;;ahn der Straßen hinauff nach Bischoffsheim zu an der Anwenden zwischen Barthel Müllers Acker und Wendel Stock Acker ist ein neuer rother Stein gesetzt worden hat zwey mayntzisch räther under und ober erde und ziffer 1580;65;1580;;;;x;3;;;42;153.29999999999998;die Straßen nacher Bischoffsheim oben uffdem Rein naher Ympffingen anwender Hans Broß oben Hans Schehr der Alt;65;1580;groß;rot;;x;3;;;42;153.29999999999998;Die Straßen hinnaust Bischofshb: oben am Rain zwischen Fraw Moserin und Hanns Bundschuh;66;1580;;;;x;3;;;?;;gleich oberhalb vom Fahrweg an der ... und ...?;69;1580;;rot;;x;3;x;;42;153.29999999999998;Neben ??? Weinberg, hart auf den Rhein stehend;17;1580;;rot;;x;3;x;;52;156.3;Eckstein / rechts gegen Bischofsheimunter den Kirchelberg, oberhalb der Landstraße neben dem Weinberg des Augustin Rudolf von Impfingen;38;1580;;rot;;x;3;x;;2;6;links über die Böschung hinauf auf Rudolf von Impfingen Ackerfeld;;;;;
262;Impfingen;;;;57;1580;;;;x;;;;im Kirchelberg zwischen Hans Kemgen (?) Schultes und Hans Dreffs Witwe Weingarten;66;1580;;weiß;;x;3;x;;22;80.3;im Kirchelberg...anwenden ober des Spithall;66;1580;;weiß;;x;3;;;22;80.3;Im Kirchelberg ein weißer gehobener Stein...neben hb. Johann Herman Francken und Spitals Weingarth;67;1580;;rot;;x;3;;;?;;;70;1580;;weiß;;x;3;;;21;76.64999999999999;in den Weinbergen stehend, ahn das Spital Weinbergs Eckh;18;1580;;;;x;3;;;23;71.7;Eckstein / links den Kirchelberg hinauf;39;1580;;;;x;3;;;23;71.7;Eckstein / links das Kirchelberg hinauf;;;;;
263;Impfingen;;;;;;;;;;;;;;;;;;;;;;;;;;;;;;;;;;;;;;;;;;;;;;;;;;;;;;;;;;;;;;;;;;;;;;;;;;40;;;weiß;GB;x;3;;GI;25;75;gegen bischofsheim am Kirchelberg;;;;;
264;Impfingen;;;;;;;;;;;;;;;;;;;;;;;;;;;;;;;;;;;;;;;;;;;;;;;;;;;;;;;;;;;;;;;;;;;;;;;;;;41;;;weiß;GB;x;3;;GI;28;84;gegen Bischofsheim am Kirchelberg;;;;;
265;Impfingen;;;;58;1580;;;;x;;;;schlecht darüber zwischen Philip Zehenens und des Spittals Weingarten;67;;dick;;;x;;x;;65;237.25;furder die Anwenden strack hinaus ... Anstößer Wilhelm Scheckhart und Wilhelm Zeitböß;67;;groß;rot;;x (ohnbekannten Rath);;;;65;237.25;fürter ein großer rother Stein mit dem ohnbekannten Rath in hb. July Vogels Weingarth;68;;rau;rot;;;;x;;63;229.95;Bischofsheimer Seite: ???;71;;rau, breit;;;x;;x;;53;193.45;Anst. Barthel Maningers Weinberg;19;1781;;rot;;x;3;;;77;233.4;Eckstein / rechts gegen Bischofsheim am Kirchelberg;42;1781;;rot;;x;3;;;28;85.2;Eckstein / gegen bischofsheim;;;;;
266;Impfingen;;;;;;;;;;;;;;;;;;;;;;;;;;;;;;;;;;;;;;;;;;;;;;;;;;;;;;;;;;;;;;;;;;;;;;;;;;43;;;weiß;GB;x;3;;GI;23;69.9;links hinauf am Kirchelberg in der Weinbergsgrenze des Mich. Jos. Weber bischofsheim am Weinbergsweg;;;;;
267;Impfingen;;;;59;;;;;x;;x;;die Anwenden fürher zwischen Wilhelm Scheckert und Andreas Appels weingarten;68;1658 (neu gesetzt NB);;;;x;;x;;27 ?;98.55;solche Anwenden richtig hinauf ...nahe ympfingen Anstößer Hans Platz, Bischoffsheim Wilhelm Scheckhart /NB: Dieser Stein ist durch Hans Horn oder dessen Leüt alhir als la (?) ein neuen Mauer an seinen Weingart am Kirchelberg machen lassen, heraus kommen,  und nachenals ein neuer roter Stein mit einem Rath 3B und Jahrzahl 1658 durch hiesige und Impfinger Landschieder d. 10. May ad. 1658 darfür eingesetzt worden.;68;1658;groß;rot;;x;3;;;26;94.89999999999999;solche ohn wanden hinnaust zwischen July Vogels und Thoma Kuhn Weingarth;69;1558;groß;rot;;;3;x;;26;94.89999999999999;gleich unter einer Steinmauer (?);72;1658;gewölbt;rot;;;3;x;;26;94.89999999999999;im Weinberg neben einer Stein Rutsche;20;1658;;rot;;x;3;;;30;90.75;Eckstein / links hinauf am Kirchelberg;44;1658;;rot;;x;3;;;6;19.5;Eckstein / hinauf am Kirchelberg oberhalb des Kirchelbergsweg;;;;;
268;Impfingen;28;https://photos.app.goo.gl/8T8wm3f2MQmTZQWUA;N 49.63771235 E 9.66652306;;;;;;;;;;;;;;;;;;;;;;;;;;;;;;;;;;;;;;;;;;;;;;;;;;;;;;;;;;;21;1868;;rot;Inschrift;x;3;;Inschrift;14;42.6;Eckstein / rechts unterhalb des Kirchelberg Weinbergs-Weg;45;1868;;rot;Inschrift;x;3;;Inschrift;10;30.9;rechts hinten oberhalb des Kirchelbergsweg;;;;;
269;Impfingen;;;;;;;;;;;;;;;;;;;;;;;;;;;;;;;;;;;;;;;;;;;;;;;;;;;;;;;;;;;;;;;;;;;;;;;;;;46;;;weiß;GB;x;3;;GI;5;16.5;an Kirchelbergsweg hinten;;;;;
270;Impfingen;;;;;;;;;;;;;;;;;;;;;;;;;;;;;;;;;;;;;;;;;;;;;;;;;;;;;;;;;;;;;;;;;;;;;;;;;;47;;;weiß;GB;x;3;;GI;7;23.7;am Kirchelbergsweg hinter;;;;;
271;Impfingen;27;https://photos.app.goo.gl/Sr8LWYDin5MuxFAq7;N 49.63765639 E 9.66732806;;;;;;;;;;;;;;;;;;;;;;;;;;;;;;;;;;;;;;;;;;;;;;;;;;;;;;;;;;;22;1868;;rot;Inschrift;x;3;;Inschrift;21;63;links am Kirchelberg Weinbergsweg hinter, steht hart oberhalb des Weinbergsweg;48;1868;;rot;Inschrift;;;;;7;22.5;am Kirchelbergsweg hinter;;;;;
272;Impfingen;;;;;;;;;;;;;;;;;;;;;;;;;;;;;;;;;;;;;;;;;;;;;;;;;;;;;;;;;;;;;;;;;;;;;;;;;;49;;;weiß;GB;x;3;;GI;23;71.4;am Kirchelbergsweg hinter;;;;;
273;Impfingen;26 (evtl.);https://photos.app.goo.gl/xDNHUZ3K7SFjvSRP9;N 49.63871299 E 9.67034893;60;;;;;x;;x;;baß oben hinauf zwischen Wilhelm Scheckert und Hans Schopfens Weingarten;69;;unförmlich spitz;;;;;x;;63;229.95;in dem Berge oben an Hans Schedall und an Hans Dorn ein unförmlich spitzer Stein ...anwenden geweßen Simon Müller und Hans Knoll / NB: dieser Stein ist ohn Zweiffel endlich durch das Fahren heraus kommen und anstatt dessen nechst obberürten spitziger Stein mit einem kleinen Rath und oben einem Creutz d. 10. May ad. 1658 darfür angesetzt worden;69;;klein;;;;;x;;63;229.95;in dem Weeg oben bey Andreas Vücken (?) Weingarth;70;;klein;weiß;;;;x;;61;222.65;mitten im Weg;73;;klein;weiß;;x;;x;;53;193.45;neben im Weg stehend /ahn Andreas Naupers (?) Weinberg/ muss ein Neuer gesetzt werden;23;1843;;rot;;x;3;;;30;90.9;fort oberhalb des Kirchelbergs-Weinbergweg hinter;50;1844;;rot;Inschrift;;;;;10;30.9;am Kirchelbergsweg hinter;;;;;
274;Impfingen;;;;;;;;;;;;;;;;;;;;;;;;;;;;;;;;;;;;;;;;;;;;;;;;;;;;;;;;;;;;;;;;;;;;;;;;;;51;;;rot;;;;;;?;?;13.6m oberhalb des Wegs;;;;;
275;Impfingen;;;;;;;;;;;;;;;;;;;;;;;;;;;;;;;;;;;;;;;;;;;;;;;;;;;;;;;;;;;;;;;;;;;;;;;;;;52;;;weiß;GB;x;3;;GI;8;24;am Kirchelbergsweg hinter;;;;;
276;Impfingen;;;;61;;;weiß;;;;x;;fürter dem Kirchelberg hinden zwischen beyden Anwenden Simon Müllers und Hans Galles Weingarten;70;1580;;rot;;x;3;;;24;87.6;Dem Fahrenthal zu uff der Höhe in Wendell Euchsten (?) Weingarten quondam Tobias ?;70;1580;;rot;;x;3;;;24;87.6;dem Farthal hin in der Höhe... auf einer Wüstung / jahrzahl unter und ober der Erde 1580;71;1580;;rot;;x;3;x;;24;87.6;in einem ?;74;1580;hoch, gewölbt;;;;4 (2 mal);x;;24;87.6;liegt neben Stephan Maninger und Jacob Kipelins (?);24;1580;;rot;;x;3;;;33;101.4;hinten am Kopf des Kirchelberg;53;1580;;rot;;;;;;12;36;am Kirchelbergsweg hinter unterhalb des Wegs am Kapf;;;;;
277;Impfingen;;;;;;;;;;;;;;;;;;;;;;;;;;;;;;;;;;;;;;;;;;;;;;;;;;;;;;;;;;;;;;;;;;;;;;;;;;54;;;weiß;GB;x;3;;GI;8;24.6;am Kirchelbergsweg hinter am Farenthal unterhalb des Wegs;;;;;
278;Impfingen;;;;;;;;;;;;;;;;;;;;;;;;;;;;;;;;;;;;;;;;;;;;;;;;;;;;;;;;;;;;;;;;;;;;;;;;;;55;;;weiß;GB;x;3;;GI;18;54;am Farenthal unterhalb des Wegs am Spital Acker;;;;;
279;Impfingen;;;;;;;;;;;;;;;;;;;;;;;;;;;;;;;;;;;;;;;;;;;;;;;;;;;;;;;;;;;;;;25;1868;;rot;Inschrift;x;3;;Inschrift;61;185.2;links hinauff in den Farrenthalsgrund, oberhalb dem Spitalacker neben dem Weg;56;1868;;rot;;;;;;36;109.2;hinauf unterhalb des Farrenthals weg;;;;;
280;Impfingen;;;;;;;;;;;;;;;;;;;;;;;;;;;;;;;;;;;;;;;;;;;;;;;;;;;;;;;;;;;;;;;;;;;;;;;;;;57;;;weiß;GB;x;3;;GI;30;90;hinauf unterhalb des Farrenthalswegs / NB: Von 57 bis einschließlich 64 scheidet die Grabenmitte die Gemarkungsgrenze;;;;;
281;Impfingen;;;;;;;;;;;;;;;;;;;;;;;;;;;;;;;;;;;;;;;;;;;;;;;;;;;;;;;;;;;;;;;;;;;;;;;;;;58;;;weiß;GB;x;3;;GI;16;48;hinauf unterhalb des Wegs;;;;;
282;Impfingen;;;;62;1580;;rot;x;x;3;;;nach dem Farnthal zu uff der Höhe in einem wüsten Acker so Thobias Burgers Wittib ist ein rother uffgeworffener Stein mit einem gehauenen Mayntzysch Wappen 3b ahn Ziffernzahl 1580;71;1580;hoch;rot;;x;3;x;;104;379.59999999999997;fürder den Fahrenthalsgrundt hinaus obendigs den Äckern;71;1580;hoch;rot;;x;3;x;;106;386.9;Im Farnthals Grund hinnauf in Bastian Seuberts Kinder Weingarth;72;1580;;rot;;x;3;;;104;379.59999999999997;in einem Weinbergs (?) Feld;75;1580;nach oben zusetzend;rot;;x;3;;;107;390.55;im Weinberg stehend, oberhalb des Spithalackers;26;1580;;rot;;x;3;;;67;202.5;hinauff im Farrentalsgrund oberhalb des Wegs in den Impfinger Weinbergen;59;1580;;rot;;;;;;21;64.2;hinauf unterhalb des Wegs;;;;;
283;Impfingen;;;;;;;;;;;;;;;;;;;;;;;;;;;;;;;;;;;;;;;;;;;;;;;;;;;;;;;;;;;;;;;;;;;;;;;;;;60;;;weiß;GB;x;3;;GI;20;60;hinauf unterhalb des Wegs;;;;;
284;Impfingen;;;;;;;;;;;;;;;;;;;;;;;;;;;;;;;;;;;;;;;;;;;;;;;;;;;;;;;;;;;;;;;;;;;;;;;;;;61;;;weiß;GB;x;3;;GI;32;96.6;hinauf unterhalb des Wegs;;;;;
285;Impfingen;;;;;;;;;;;;;;;;;;;;;;;;;;;;;;;;;;;;;;;;;;;;;;;;;;;;;;;;;;;;;;;;;;;;;;;;;;62;;;weiß;GB;x;3;;GI;5;16.5;rechts ab am Graben;;;;;
286;Impfingen;24;https://photos.app.goo.gl/7BDARfGb1MmgjGSFA;N 49.64350338 E 9.67353837;63;1580;;;;x;;;;im Fahrntalsgrund in Paul Zapffes Wittib Weingart nit weit vom Weeg da der Impfinger Pfarracker liegt, ist ein neuer rother Stein aufgerichtet worden mit einem gehauenen Mayntzysch Rath Ziffer Zahl 1580. Zwischen diesen beiden Steinen oben und unden oder neben ist ein Creutz uffgerichtet worden;72;1580;hoch;rot;;x;3;x;;72;262.8;Im hindern Heimberg den Grundt hinaus zu nahe beim Graben uff Michell Stockmeisters Acker;72;1580;;rot;;x;3;;;72;262.8;Im hindern Heimberg den Grundt hinauf nahe bey dem Graben bey Jacob Stechers (?) Weingarth;73;1580;;rot;;x;3;;;72;262.8;im ???acker stehend;76;1580;gewölbt;rot;x;x;3;x;nichts;66;240.9;;27;1580;;rot;;x;3;;;88;264;hinauff über den Farrenthalsgraben, bischofsheimer Ackerfeld, neben dem Graben / NB: zwischen 26 und 27 soll ein neuer Stein gesetzt werden;63;1580;;rot;;;;;;26;80.4;links hinauf am Graben;;;;;
287;Impfingen;;;;;;;;;;;;;;;;;;;;;;;;;;;;;;;;;;;;;;;;;;;;;;;;;;;;;;;;;;;;;;;;;;;;;;;;;;64;;;weiß;GB;x;3;;GI;27;83.55;links hinauf am Graben;;;;;
288;Impfingen;;;;;;;;;;;;;;;;;;;;;;;;;;;;;;;;;;;;;;;;;;;;;;;;;;;;;;;;;;;;;;;;;;;;;;;;;;65;;;weiß;GB;x;3;;GI;14;43.05;links hinauf am Graben;;;;;
289;Impfingen;22;https://photos.app.goo.gl/xD54zaaPtGvQUHhR6;N 49.64476476 E 9.67504014;64;1506;;;;x;;x;;ahm Eck bey Georg Gobels Acker;73;1506;hoch viereckig;;;x;3;x;;52;189.79999999999998;steht hinauff uff Jörg Göbels Acker;73;1506;hoch viereckig;;;x;3;x;;52;189.79999999999998;Recht hinnauf auf Richarl Plazen Acker;74;1506;;rot;;x;3;x;;58?;211.7;im ??? / Jahrzahl ist fälschlich als 1500 angegeben;77;1580;breit;rot;;x;3;x;nichts;47;171.54999999999998;;28;1506;;;;x;3;;;59;177;Eckstein / hinüber den Farrenthalsgraben auf Impfinger Ackerfeld;66;1506;;rot;;;;;;23;70.5;rechts hinauf am Graben;;;;;
290;Impfingen;;;;;;;;;;;;;;;;;;;;;;;;;;;;;;;;;;;;;;;;;;;;;;;;;;;;;;;;;;;;;;;;;;;;;;;;;;67;;;weiß;GB;x;3;;GI;32;97.05;rechts hinauf am Graben gegen Thüring;;;;;
291;Impfingen;20;https://photos.app.goo.gl/ox7g7bbd6vXqVi9P9;N 49.64419564 E 9.67837420;65;;;;;x;;x;;neben dem Düringsgraben genannt bey Hans Mertes Weingart... / NB: Ist der Stein durchs Looh über den Güßgraben uff Ympfinger Seith gesetzt worden ohne Nachtheil ...theils zehendts Gerechtigkeit;74;;spitzig unförmlich;weiß;;x;;x;;73;266.45;hinauff in Melchior Arnoldts Weingarten neben dem Düringsgraben;74;;spitzig, unförmlich;weiß;;;;x;;73;266.45;Hinnauf neben dem Thüringsgraben auf Hannß Kuhnen Acker / NB (lat.): Ein weiterer Punkt ist zu setzen / NB (rot): Von diesem Stein bis zum nächsten oben an der Waldgrenze will die Gemarkungsgrenze (nach Auffassung) der Gemeinde Impfingen zu ihrem Nachteil abgekürzt worden;75;;???;;;x?;;;;?;;im Weingart nahe am Thüringsgraben;78;;klein rau;;;x;;x;nichts;68;248.2;auf Schultheiß Kuhnmünchs Acker / NB: soll ein neuer gesetzt werden;29;1781;;rot;;x;3;;;85;256.65;rechts hinauf neben dem Thüringsgraben, auf Impfinger Ackerfeld;68;1791;;rot;;;;;;53;59.9;hinauf am Graben;;;;;
292;Impfingen;;;;;;;;;;;;;;;;;;;;;;;;;;;;;;;;;;;;;;;;;;;;;;;;;;;;;;;;;;;;;;;;;;;;;;;;;;69;;;weiß;GB;x;3;;GI;14;42.3;hinauf am Graben;;;;;
293;Impfingen;;;;;;;;;;;;;;;;;;;;;;;;;;;;;;;;;;;;;;;;;;;;;;;;;;;;;;;;;;;;;;;;;;;;;;;;;;70;;;weiß;GB;x;3;;GI;4;13.65;links am Gewann hinauf am Weg;;;;;
294;Impfingen;;;;;;;;;;;;;;;;;;;;;;;;;;;;;;;;;;;;;;;;;;;;;;;;;;;;;;;;;;;;;;;;;;;;;;;;;;71;;;weiß;GB;x;3;;GI;21;63;rechts am Weg hinauf;;;;;
295;Impfingen;16;https://photos.app.goo.gl/4G6wfBEymwjfaEGL8;N 49.64430000 E 9.68085500;66;1477;;;;x;;;;ober dem Düring hats einen hangenden Stein...;75;1477;viereckig hängend;;;x;1;x;;54;197.1;dem Draben in Gilg Weinigs von Ympfingen Weingarten;75;1477;hier gefertigter Stein, so hangt;;;x;1;;;52;189.79999999999998;ober dem Thüringsgraben auf einer Wüstung (?) / Rote Anmerkung: Der Märker No 75 ist der in diesem über diese Grenzstrecke 1860 aufgenommenen Plan mit dem Buchstaben B bezeichnete, neugesetzte, mit der Jahreszahl 1857 Märker resp. Grenzpunkt. Das ist der Stein ? im Plan mit der jetzigen Jahreszahl 1857 ??? resp. Heimberg hatte. Die Distanz zu 74 auf 75 genauer gemessen worden am 27. Juni 1860 und mißt 81 Ruthen bad. Maß. Anno 1683 ist nach altem Längenmaß geschehen und jedenfalls sehr oberflächig geschehen.;76;1477;groß;rot;;x;3;;;?;;in ??? Wiesen stehend/ alte Jahrzahl 1477;79;1477;breit;rot;;x;3;x;;44;160.6;in einem Weinberg stehend;30;1857;;rot;Inschrift;x;3;;Inschrift 1857;61;183.9;hinauf im Thüring auf Impfinger Ackerfeld;72;1857;;rot;Inschrift;x;3;;;6;18.6;am Weg hinauf;;;;;
296;Impfingen;;;;;;;;;;;;;;;;;;;;;;;;;;;;;;;;;;;;;;;;;;;;;;;;;;;;;;;;;;;;;;;;;;;;;;;;;;73;;;weiß;GB;x;3;;GI;4;13.8;am Weg links hinauf;;;;;
297;Impfingen;;;;;;;;;;;;;;;;;;;;;;;;;;;;;;;;;;;;;;;;;;;;;;;;;;;;;;;;;;;;;;;;;;;;;;;;;;74;;;weiß;GB;x;3;;GI;26;78.3;rechts hinauf an dem Acker und Weinbergsgrenze am Thüring;;;;;
298;Impfingen;;;;;;;;;;;;;;;;;;;;;;;;;;;;;;;;;;;;;;;;;;;;;;;;;;;;;;;;;;;;;;;;;;;;;;;;;;75;;;weiß;GB;x;3;;GI;10;31.5;hinauf auf einer Steinmauer;;;;;
299;Impfingen;14;https://photos.app.goo.gl/wGS5vLHJzVn298vbA;N 49.64404639 E 9.68321306;;;;;;;;;;;;;;;;;;;;;;;;;;;;;;;;;;;;;;;;;;;;;;;;;;;;;;;;;;;31;1868;;rot;Inschrift;x;3;;Inschrift;49;149.1;hinauf am Thüring an der Steinmauer;76;1868;;rot;Inschrift;x;3;;;20;61.8;hinauf am bischofsheimer Hambergswald / Vom Gemarkungsstein 71 an, bis einschließlich Dreimärker 81 sind die Waldgrenzsteine des bischofsheimer Hambergswalds zugleich auch Gemarkungssteine für Bischofsheimer und Impfinger Gemarkung;;;;;
300;Impfingen;;;;;;;;;;;;;;;;;;;;;;;;;;;;;;;;;;;;;;;;;;;;;;;;;;;;;;;;;;;;;;;;;;;;;;;;;;77 (72);;;;;;;;;8;25.2;links zwischen Gemeindewald Bischofsheim und Privatfeld Impfingen zu Waldstein Nr 47;;;;;
301;Impfingen;12;https://photos.app.goo.gl/bTotkne5hNoaDfy78;N 49.64474663 E 9.68458394;67;;klein;;;x;;x;;fürter hinauf gehn uf der Höhe mit uffm Düring genannt steht ein klein Steinla tiff in der Erden;76;;spitzig unförmlich;weiß;;x;;x;;74;270.09999999999997;furder uff die Höhe hinauff;76;;spitzig, unförmlich;weiß;;kleines Rad;;x;;74;270.09999999999997;für die Höh hinauf / NB (lat.): ein weiterer Punkt ist zu setzen / Roter Kommentar: Stein A im Plan mit derer Zahl 1791 B?;77;;spitzig, ohngestellt;weiß;x?;x;;;;69;251.85;;80;;klein rau;;;x;;x;;66;240.9;auf der Heimbergs Blatte stehend / NB: soll ein neuer gesetzt werden;32;1791;;rot;;x;3;;;32;96.6;hinauf am Heimbergswald od. oben dem Thüring;78 (73);1791;;rot;;x;3;;;26;78;Eckstein / neben Hambergswald und Halbigacker Boppensee / Abstand zu waldstein Nr 46 (=77 (72)???);;;;;
302;Impfingen;;;;;;;;;;;;;;;;;;;;;;;;;;;;;;;;;;;;;;;;;;;;;;;;;;;;;;;;;;;;;;33;1846;;rot;Inschrift;x;3;;Inschrift 1846;60;181.65;hinauf am Poppensee neben dem Tannenwald & Ackerfeld des Michael Halbig von Bischofsheim;79 (74);1846;;rot;Inschrift;x;3;;Inschrift 1846;60;181.65;hinauf am Boppensee am Halbig Ackerfeld und bischofsheimer Hambergswald;;;;;
303;Impfingen;9;https://photos.app.goo.gl/WMXtfd8obaUZ8ZMk7;N 49.64613539 E 9.68915358;68;1477;;;;x;;;;Im Heimbergsholz nit weit herein;77;1477;gefirt;;;x;1;;;92;335.8;anfang des Heimbergs Holtzes ein Ruden in das Holz;77;1477;hier gefertigter Stein;;;x;1;;;92;335.8;anfang des heimbergsholz ein Ruthen hierrin / NB: Soll aufgerichtet werden / Nachträgliche Bemerkungen: [siehe Kommentar-Fenster];78;???;;rot;;x;;;;90?;328.5;ein Ruth im Heimbergsholtz / ohnlesbare Jahrzahl;81;unkenntlich;roh & rau;;;x;3;x;;87;317.55;mit einer ohnkenntlichen Jahrzahl, waillet der Stein ? einer neuen bedarft / auf dem Platzen Erben von Ümpfingen Holtz liegend;34;1846;;rot;Inschrift;x;3;x;Inschrift 1846;48;144.9;hinauf am Poppensee neben Gemeindewald Heimberg Bischofsheim und Michael Halbig Acker;80 (75);1846;;rot;Inschrift;x;3;;Inschrift 1846;48;144.9;hinauf am Boppensee am Halbig Ackerfeld und bischofsheimer Hambergswald;;;;;
304;Impfingen;8;https://photos.app.goo.gl/q4mBo8VYUWH41Djd7;N 49.64620472 E 9.68955639;;;;;;;;;;;;;;;;;;;;;;;;;;;;;;;;;;;;;;;;;;;;;;;;;;;;;;;;;;;35;1868;;rot;Inschrift;x;3;;Inschrift;23;71.7;Eckstein / hinten am Wald-Eck Heimbergsholz & Halbig Acker Poppensee;81 (76);1868;;rot;Inschrift;x;3;;Inschrift;23;71.7;Eckstein / hinauf am Boppensee am Halbig Ackerfeld und bischofsheimer Hambergswald hinten im Eck;;;;;
305;Impfingen;;;;;;;;;;;;;;78;;;;;;;x;;45;164.25;furder von diesem Holtz auff den Acker und an einem ? Rain;78;1609;groß;rot;;x;3;;;45;164.25;fürter im Reyn...heimberg;79;1609;groß, hoch;rot;;x;3;;;41;149.65;;82;;;;;;;;;?;;findet man nicht, wo der abgeschlagene Stein sein soll. Soll nachgesucht werden.;36;1842;;rot;;x;3;;1842;26;78.6;Eckstein /links hinüber, neben dem Wald, am Waldrand;82 (77);1842;;rot;;x;3;;1842;26;78.6;Eckstein / links vor am Waldeck;;;;;
306;Impfingen;6;https://photos.app.goo.gl/zhdv3cnqEAQztaHJ8;N 49.64688639 E 9.68993306;;;;;;;;;;;;;;;;;;;;;;;;;;;;;;;;;;;;;;;;;;;;;;;;;;;;;;;;;;;37;1868;;rot;Inschrift;x;3;;Inschrift;15;45.3;rechts abwärts neben dem Heimbergswald im hintern Teich und dem Impfinger Ackerfeld;83 (78);1868;;rot;Inschrift;x;3;;;15;45.3;rechts abwärts am Hambergswald Bischofsheim & Impfinger Ackerfeld;;;;;
307;Impfingen;5;https://photos.app.goo.gl/uUtNpKk8eZ8KVDDq6;N 49.64697139 E 9.69050139;;;;;;;;;;;;;;;;;;;;;;;;;;;;;;;;;;;;;;;;;;;;;;;;;;;;;;;;;;;38;1868;;rot;Inschrift;x;3;;;15;46.2;herunter neben dem Heimbergswald und Impfinger Ackerfeld;84 (79);1868;;rot;Inschrift;x;3;;;15;46.2;abwärts am Hambergswald und Impfinger Ackerfeld;;;;;
308;Impfingen;3;https://photos.app.goo.gl/mr6759fP2mT4h6CN9;N 49.64737219 E 9.69180238;;;;;;;;;;;;;;;;;;;;;;;;;;;;;;;;;;;;;;;;;;;;;;;;;;;;;;;;;;;39;1868;;rot;Inschrift;x;3;;Inschrift;36;108.3;hinunter neben dem Heimbergswald und Impfinger Ackerfeld;85 (80);1868;;rot;Inschrift;x;3;;Inschrift;36;108.3;abwärts neben dem Hambergswald und Impfinger Ackerfeld;;;;;
309;Impfingen / Großrinderfeld;1;https://photos.app.goo.gl/EEK1qzbhfCAcCB1M6;N 49.64753803 E 9.69215219;69;;;;;;;;;3-Märker / unden im Grund zwischen dem Forst und Heimbergsholz steht ein Stein , da stoßen Bischoffsheimb, großen Rinderfeldt und Ympfingen zusammen, alwo endet sich Ympfinger Marckung;79;1477;;rot;;;;x;;58;211.7;3-Märker / ein Roder Stein ist Drey-Marckung was Bischoffsheim, Rinderfeld und Ympfingen scheidt mit Jahrzahl 1477 und einem Creutz;79;1477;;;;;;;;58;211.7;3-Märker / ein Drei Märker im Forst bey dem Heimberg Holtz, scheidet Bischoffsheim, Rinderfeld und Ympfingen;80;1477;;;;;;x;;56;204.4;3-Märker / am Forstholz stehend;83;1477;;rot;;x (ein halbes ? Rad);;x;;56;204.4;3-Märker / in dem Forst Eck liegend, bei dem Heimbergsholz;40 / 0;1846;;rot;Gemarkungsinschrift;x;3;;jew. Inschrift & 1846;11;33.6;3-Märker / Eckstein für BBB-Impfingen / am Bischofsheimer Gemeindewald-Eck im Heimberg und Impfinger Ackerfeld, Forstwald, Teufelsloch;86 (81);1846;dreieckig;rot;Inschrift;x;3;;jew. Inschrift;11;33.6;3-Märker / steht am Teufelsloch am Eck vom Bischofsheimer Hambergswald und Impfinger Ackerfeld;43;1477;228;;3-Märker in dem Forst, bei dem Hamberger Holz herunter, steht 2 Schuh ober der Erde und ist roth, oben mit einem x gezeichnet
310;Großrinderfeld;238;https://photos.app.goo.gl/U3z7fDED7epYwhCR7;N 49.64695639 E 9.69251806;;;;;;;;;;;;;;;;;;;;;;;;;;;;;;;;;;;;;;;;;;;;;;;;;;;;;;;;;;;1;1860;;rot;Inschrift;x;3;;Ortswappen (Rindskopf);33;100.5;zwischen dem Bischofsheimer Gemeindewald Heimberg und Leinischen Forstwald;[81];;;;;;;;;;;;;;;;
311;Großrinderfeld;;;;;;;;;;;;;;;;;;;;;;;;;;;;;;;;;;;;;;;;;;;;;;;;;;;;;;;;;;;;;;2;1859;;rot;Inschrift;x;3;;Inschrift & 1859;36;109.8;zwischen dem Gemeindewald Bischofsheim Heimberg & Forstwald;;;;;;;;;;;;;;;;;
312;Großrinderfeld;;;;;;;;;;;;;;;;;;;;;;;;;;;;;;;;;;;;;;;;;;;;;;;;;;;;;;;;;;;;;;3;1859;;rot;Inschrift;x;3;;Inschrift & 1859;30;89.4;zwischen dem Heimbergswald und Forstwald, oberhalb des Bischofsheimer Waldweg;;;;;;;;;;;;;;;;;
313;Großrinderfeld;;;;;;;;;;;;;;;;;;;;;;;;;;;;;;;;;;;;;;;;;;;;;;;;;;;;;;;;;;;;;;4;1859;;rot;Inschrift;x;3;;;37;112.8;Eckstein / links am Forstwaldrand des Forstgrunds oberhalb des Wegs am Wald;;;;;;;;;;;;;;;;;
314;Großrinderfeld;232;https://photos.app.goo.gl/6B3gExUsjAScpDre8;N 49.64501000 E 9.69660472;;;;;;;;;;;;;;;;;;;;;;;;;;;;;;;;;;;;;;;;;;;;;;;;;;;;;;;;;;;5;1860;;rot;Inschrift;x;3;;Inschrift & Ortswappen (Rindskopf) & 1860;16;49.8;Eckstein / links hinauf gegen den Forstwald, am Weg rechts Ackerfeld des Franz Joseph Geiger;[89];;;;;;;;;;;;;;;;
315;Großrinderfeld;231;https://photos.app.goo.gl/tiDLpgXwHMKXqgNE9;N 49.64494317 E 9.69670759;;;;;;;;;;;;;;;;;;;;;;;;;;;;;;;;;;;;;;;;;;;;;;;;;;;;;;;;;;;6;1860;;rot;Inschrift;x;3;;Inschrift & Ortswappen (Rindskopf) & 1860;6;19.2;Eckstein / zwischen dem Forstwald und Privatwald anfanget;[90];;;;;;;;;;;;;;;;
316;Großrinderfeld;228;https://photos.app.goo.gl/zPRLTHPYwzSkKhiu6;N 49.64611996 E 9.69834397;;;;;;;;;;;79,5;1612 (?);;;;;;;;?;;NB (zu 79): Von diesem an bis zum nächsten Mittel-Stein Zusetzung d. H. Ambtmann Caspar Lerch v. Durmstein als retlich Stein in dieem Districte ad 1612;;;;;;;;;;;;;;;;;;;;;;;;;;;;;;;;;;;;;7;1860;;rot;Inschrift;x;3;;Inschrift & Ortswappen (Rindskopf) & 1860;51;152.2;Eckstein / links hinauf zwischen dem Forstwald & Privatwald Bischofsheim;[93];;;;;;;;;;;;;;;;
317;Großrinderfeld;227;https://photos.app.goo.gl/gUJhqzsoftiWRMQTA;N 49.64600000 E 9.69872806;;;;;;;;;;;;;;;;;;;;;;;;;;;;;;;;;;;;;;;;;;;;;;;;;;;;;;;;;;;8;1860;;rot;Inschrift;x;3;;Inschrift & Ortswappen (Rindskopf) & 1860;16;47.85;Eckstein / rechts hinauf zwischen dem Forstwald & Privatwald;[94];;;;;;;;;;;;;;;;
318;Großrinderfeld;224;https://photos.app.goo.gl/q2vBAKD3VZzbuHho8;N 49.64546000 E 9.69747306;;;;;;;;;;;;;;;;;;;;;;;;;;;;;;;;;;;;;;;;;;;;;;;;;;;;;;;;;;;9;1859;;rot;Inschrift;x;3;;;44;131.1;Eckstein / rechts hervor zwischen dem Forstwald & Privatwald;[97];;;;;;;;;;;;;;;;
319;Großrinderfeld;223;https://photos.app.goo.gl/gwwB6WtHqLwgNr2D9;N 49.64527639 E 9.69797806;;;;;;;;;;;;;;;;;;;;;;;;;;;;;;;;;;;;;;;;;;;;;;;;;;;;;;;;;;;10;1860;;;Inschrift;x;3;;Inschrift & Ortswappen (Rindskopf);17;50.25;links hinauf zwischen dem Forstwald & Privatwald;[98];;;;;;;;;;;;;;;;
320;Großrinderfeld;221;https://photos.app.goo.gl/pibhDc2oEb8Tmx1W7;N 49.64460639 E 9.69923306;;;;;;;;;;;;;;;;;;;;;;;;;;;;;;;;;;;;;;;;;;;;;;;;;;;;;;;;;;;11;1860;;rot;Inschrift;x;3;;Inschrift & Ortswappen (Rindskopf);42;126.15;hinauf zwischen Forstwald & Privatwald Bischofsheim;[100];;;;;;;;;;;;;;;;
321;Großrinderfeld;220;https://photos.app.goo.gl/F8S8PJKv8DYUNGfp7;N 49.64407854 E 9.69984745;;;;;;;;;;;;;;;;;;;;;;;;;;;;;;;;;;;;;;;;;;;;;;;;;;;;;;;;;;;12;1860;;rot;Inschrift;x;3;;Ortswappen (Rindskopf);32;95.25;hinauf zwischen Forstwald und Privatwald;[102];;;;;;;;;;;;;;;;
322;Großrinderfeld;;https://photos.app.goo.gl/77aRbU1p6MbCjk1Q9;N 49.643767 E 9.700228;;;;;;;;;;;;;;;;;;;;;;;;;;;;;;;;;;;;;;;;;;;;;;;;;;;;;;;;;;;;;;;;;;;;;;;103;;;;;;;;;14;43.26;Waldsteine 103-105 vom Fürstl. Leinischem Forstwald bilden zugleich die Gemarkungsgrenze / hinauf neben dem Forstwald und Ackerfeldweg;;;;;
323;Großrinderfeld;;https://photos.app.goo.gl/reFwD2m1qCDBsaNm7;N 49.642768 E 9.701775;;;;;;;;;;;;;;;;;;;;;;;;;;;;;;;;;;;;;;;;;;;;;;;;;;;;;;;;;;;;;;;;;;;;;;;104;;;;;;;;;20;60.45;Waldstein / hinauf neben dem Forstwald und Ackerfeldweg;;;;;
324;Großrinderfeld;"217.2; 217.3 (ähnliche 1490er)";https://photos.app.goo.gl/dmtHN8pFmnttuT2d8 oder https://photos.app.goo.gl/71cEofUbD3B1ks7p9;? (dieser 1490er ist noch nicht wiederentdeckt);70;1490;;;;x;;x;;Zwischen dem Forst und Hencklehensholtz under dem Henkerspfadt;80;1490;gefirt;;;x;1;;;?;;Vornen im Henckla gegen Bischofsheim zu ein gefirter Stein mit einem Rad und 1b, 1490. Ist wegen des Holtz ohngemessen geblieben.;80;1490;geviert;;;;1;;;ist wegen des Holzes ungemessen;;auf der Höhe 3,5 Ruthen im Holz;81;1490;dick?;rot;;;;x;;251;916.15;ein ahns Henkholz (?) gegen ? gehender ? Ruth im Wald stehender roter dicker (?) Stein / NB: sollen 2 Steine in Mitte gesetzt werden.;84;1490;breit;rot;;;3;x;;251;916.15;2 Ruthen in Forst;13;1859;;rot;Inschrift;x;3;;Inschrift & 1859;13;40.65;hinauf zwischen Forstwald & Privatwald Bischofsheim;105;;;;;;;;;20;61.2;"Waldstein / hinauf am Eck des Forstwaldes und Privatwald; Schluß des Fürstl. Leinischen Forstwalds";;;;;
325;Großrinderfeld;217;https://photos.app.goo.gl/6dNiMjpJTuz4JnUb8;;;;;;;;;;;;;;;;;;;;;;;;;;;;;;;;;;;;;;;;;;;;;;;;;;;;;;;;;;;;14;1860;;rot;Inschrift;x;3;oben ein stumpfer Winkel;Inschrift & Ortswappen (Rindskopf);42;126;"hinauf zwischen Forstwald & Ackerfeld, Bischofsheim, im Henklein, zwischen der Grenze des Forstwalds und Privatwald, Augustin Rudolf von Impfingen; dieser Stein steht 2 Ruthen im Wald";17;1860;;rot;Inschrift;x;3;;Ortswappen Rindskopf & Inschrift;9;27.3;hinauf neben Privatwald und Weg;;;;;
326;Großrinderfeld;;;;;;;;;;;;;;;;;;;;;;;;;;;;;;;;;;;;;;;;;;;;;;;;;;;;;;;;;;;;;;;;;;;;;;;;;;18;;;weiß;GB;x;3;;GR;11;34.1;Eckstein / bis Privatwald und vor gegen die Straße und Weg;;;;;
327;Großrinderfeld;;;;;;;;;;;;;;;;;;;;;;;;;;;;;;;;;;;;;;;;;;;;;;;;;;;;;;;;;;;;;;;;;;;;;;;;;;19;;;weiß;GB;x;3;;GR;14;43.5;Eckstein / links hinaus neben Privatwald und Straße;;;;;
328;Großrinderfeld;;;;;;;;;;;;;;;;;;;;;;;;;;;;;;;;;;;;;;;;;;;;;;;;;;;;;;;;;;;;;;;;;;;;;;;;;;20;;;weiß;GB;x;3;;GR;24;74.7;Läuferstein / links hinaus neben Privatwald und Straße;;;;;
329;Großrinderfeld;;;;;;;;;;;;;;;;;;;;;;;;;;;;;;;;;;;;;;;;;;;;;;;;;;;;;;;;;;;;;;;;;;;;;;;;;;21;;;weiß;GB;x;3;;GR;7;21;Läuferstein / links hinaus neben Privatwald und Straße;;;;;
330;Großrinderfeld;;;;;;;;;;;;;;;;;;;;;;;;;;;;;;;;;;;;;;;;;;;;;;;;;;;;;;;;;;;;;;;;;;;;;;;;;;22;;;weiß;GB;x;3;;GR;12;37.55;Eckstein / links hinaus neben Privatwald und Straße;;;;;
331;Großrinderfeld;211.2 (unsicher);https://photos.app.goo.gl/yhvVaBWRf4XjPCGC9;49.642619, 9.704986;71;1404;;;;x;;;;Fürter hinaus vor dem Holtz zwischen der Straßen und Henkerspfadt;81;1404;gefirt;;;x;;x;;?;;zwischen der Straßen und Henkherspfadt ein gefirter Stein mit einem Rath und oben einem Creutz, die Jahrzahl 1404. Ist ebenmeßig nit gemessen.;81;1404;;rot;;x;1;;;ist auch nicht gemessen worden wegen des Holzes;;zwischen der Straßen und Hencklenspfad / mit der Jahrzahl 1404 und einem Rath und 1 B: so fast alles abgestoßen;82;;breit;rot;;;;;;?;;breiter rother Stein am Holtzbusch (?)...?...Ruth (Rath?), welcher oben abgeschlagen (?);85;1404;breit;rot;;2x;;;R:F:;44;160.6;anst(oßend ans) Henckersholz (Henckalein Holtz);15;1404;;rot;;x;;x;R.F.;67;201.15;im Privatwald Rudolf & Forstwald, links über den Privatwald hinüber auf den Acker des David Schreck (?) von Bischofsheim am Forst, in der Nähe bei der Landstraße;23;1404;;rot;;x;3;x;RF;18;56.85;Läuferstein / rechts ab über die Straße auf dem Ackergewann;42;1404;62;;rot, groß, viereckig, oben Kreuz, R.F., 2 Schuh ober der Erde auf der Wüstung neben der Straße, anfangs beim Henkleins Guth
332;Großrinderfeld;;;;;;;;;;;;;;;;;;;;;;;;;;;;;;;;;;;;;;;;;;;;;;;;;;;;;;;;;;;;;;;;;;;;;;;;;;24;;;weiß;GB;x;3;;GR;14;44.1;Eckstein / abwärts, auf dem Gewann;;;;;
333;Großrinderfeld;199 (evtl.);https://photos.app.goo.gl/tpKqZSEBkDSTHXUH8;? (versetzt, heute beim Industriegebiet, oberhalb der Landstr.);;;;;;;;;;;;;;;;;;;;;;;;;;;;;;;;;;;;;;;;;;;;;;;;;;;;;;;;;;;16;1872;;;Inschrift;x;3;;Inschrift & 1872;54;161.1;links hinaus am Bösen Hof / neu gesetzt worden den 4.1.1873;25;1872;;rot;Inschrift;x;3;;Inschrift 1872;52;156.45;Läuferstein / links hinaus;;;;;
334;Großrinderfeld;;;;;;;;;;;;;;;;;;;;;;;;;;;;;;;;;;;;;;;;;;;;;;;;;;;;;;;;;;;;;;;;;;;;;;;;;;26;;;weiß;GB;x;3;;GR;26;78;Eckstein / 24-26 bilden eine gerade Linie / hinaus auf dem Gewann;;;;;
335;Großrinderfeld;;;;;;;;;;;;;;;;;;;;;;;;;;;;;;;;;;;;;;;;;;;;;;;;;;;;;;;;;;;;;;;;;;;;;;;;;;27;;;weiß;GB;x;3;;GR;12;36.45;Eckstein / rechts abwärts neben dem Gemeindefeld Bischofsheim und Privatfeld GRF;;;;;
336;Großrinderfeld;200;https://photos.app.goo.gl/mRQNKgaNm1qHrEGV8;? (versetzt, heute beim Industriegebiet, oberhalb der Landstr.);72;1484;;;;x;;;;weiter nach dem Orth do manns Zum Bösen Hoff heißt;82;1484;;;;x;;;;90;328.5;furder nach dem Ort, den man Zum Bösen Hoff nennt;82;1484;;;;x;;;;90;328.5;fürther nach dem Orth, wo manns am Bösen Hof nennet;83;1484;alt;rot;;x;3;;;90;328.5;an dem Bösehof/ soll aufgestellt werden;86;1484;breit;rot;;x;;x;nichts;?;;auf Ludwig Pailens Wtw. Acker;17;1846;;rot;Inschrift;x;3;;Inschrift & 1846;54;162;hinaus am Bösen Hof, oberhalb dem Gemeindefeld Bischofsheim und Anstößer;28;1846;;rot;Inschrift;x;3;;Inschrift;42;128.4;"Eckstein / links hinaus, neben dem Gemeindefeld Bischofsheim und Privatfeld GRF; am Bösen Hof";;;;;
337;Großrinderfeld;;;;;;;;;;;;;;;;;;;;;;;;;;;;;;;;;;;;;;;;;;;;;;;;;;;;;;;;;;;;;;;;;;;;;;;;;;29;;;weiß;GB;;3;;GR;15;47.82;Eckstein / rechts abwärts am Bösen Hof / neben dem Gemeindefeld Bischofsheim und GRF-Privatfeld, Aufstößer;;;;;
338;Großrinderfeld;;;;;;;;;;;;;;;;;;;;;;;;;;;;;;;;;;;;;;;;;;;;;;;;;;;;;;;;;;;;;;;;;;;;;;;;;;30;;;weiß;GB;;3;;GR;41;125.85;Eckstein / links hinaus neben Gemeindefeld Bischofsheim und Privatfeld GRF;;;;;
339;Großrinderfeld;199 (evtl.);https://photos.app.goo.gl/tpKqZSEBkDSTHXUH8;? (versetzt, heute beim Industriegebiet, oberhalb der Landstr.);;;;;;;;;;;;;;;;;;;;;;;;;;;;;;;;;;;;;;;;;;;;;;;;;;;;;;;;;;;18;1872;;;Inschrift;x;3;;Inschrift & 1872;68;205.5;hinunter am Bösen Hof in gerader Linie / Neu gesetzte Marke den 4.1.1873;31;1872;;rot;Inschrift;x;3;;Inschrift 1872;11;34.8;Eckstein / rechts abwärts auf dem Gewann, am Bösen Hof;;;;;
340;Großrinderfeld;;;;;;;;;;;;;;;;;;;;;;;;;;;;;;;;;;;;;;;;;;;;;;;;;;;;;;;;;;;;;;;;;;;;;;;;;;32;;;weiß;GB;;3;;G. GR;38;114.57;Eckstein / links hinaus neben Privatfeld Bischofsheim und GRF;;;;;
341;Großrinderfeld;;;;73;1484;;;;x;;;;am Laudamer Pfadt genannt;83;1484;;;;x;1;x;;101;368.65;am Laudaer Pfadt genannt;83;1484;;;;x;1;x;;101;368.65;Am Laudamar Pfad genant, außen Gemeinfeld;84;1484;alt;rot;x;x;3;;;104?;379.59999999999997;bei Jacob Schüßler (?) Acker;87;ohne Jahrzahl zu erkennen;breit;rot;;x;3;x;nichts;100;365;;19;1872 (ersetzte einen ohne Zahl);;rot;Inschrift;x;3;;1872;59;178.5;hinunter am Bösen Hof oben dem Gemeindfeld & Anstößer / neu gesetzt worden den 4.1.1873;33;1872;;rot;Inschrift;x;3;;Inschrift 1872;14;42.3;Eckstein / rechts abwärts auf dem Gewann, am Bösen Hof, neben Gemeindefeld Bischofsheim und Privatwald GRF;41;;73;;rot, Rad, GRF-Seite: nichts, auf Bösenhof am Haupt (Haugt)
342;Großrinderfeld;;;;;;;;;;;;;;;;;;;;;;;;;;;;;;;;;;;;;;;;;;;;;;;;;;;;;;;;;;;;;;;;;;;;;;;;;;34;;;weiß;GB;;3;;G. GR;58;174.81;Eckstein / links hinaus neben Gemeindefeld Bischofsheim und Privatfeld GRF;;;;;
343;Großrinderfeld;;;;;;;;;;;;;;;;;;;;;;;;;;;;;;;;;;;;;;;;;;;;;;;;;;;;;;;;;;;;;;;;;;;;;;;;;;35;;;weiß;GB;;3;;G. GR;15;47.94;Eckstein / rechts abwärts am Bösen Hof auf dem Gewann / 35-37 bilden eine gerade Linie;;;;;
344;Großrinderfeld;199 (evtl.);https://photos.app.goo.gl/tpKqZSEBkDSTHXUH8;? (versetzt, heute beim Industriegebiet, oberhalb der Landstr.);;;;;;;;;;;;;;;;;;;;;;;;;;;;;;;;;;;;;;;;;;;;;;;;;;;;;;;;;;;20;1872;;;Inschrift;x;3;;Inschrift & 1872;67;199.8;hinunter am Bösen Hof / neu gesetzt worden den 4.1.1873;36;1872;;rot;Inschrift;x;3;;Inschrift 1872;25;76.5;Läuferstein / links hinaus neben Gemeindefeld Bischofsheim und GRF-Privatfeld;40;;60;;rot, R.F., 1.5 Schuh ober der Erde, steht auf dem Haupt und Martin Endres Acker von GRF aufm Bösenhof
345;Großrinderfeld;;;;;;;;;;;;;;;;;;;;;;;;;;;;;;;;;;;;;;;;;;;;;;;;;;;;;;;;;;;;;;;;;;;;;;;;;;37;;;weiß;GB;;3;;G. GR;33;99.75;in gerader Linie hinaus am Bösen Hof / zwischen Gemeindefeld Bischofsheim & Privatfeld GRF;;;;;
346;Großrinderfeld;;;;74;1484;;;;x;;;;drunten hinab, auch uff dem Hoff genannt;84;1484;;;;x;1;;;84;306.59999999999997;baßen hinab auf uffen Hoffgut;84;1484;;;;x;1;;;84;306.59999999999997;basser hinab außen Hofguth;85;;ungehobelt;rot;;x;;x;;184;671.6;im Feld;88;unerkenntlich;breit;rot;;x;3;x;nichts;82;299.3;am Böse Hof liegend und Anstößer Bischofsh. Gemeindfeld;21;;;rot;;x;;x;R.F.;38 (zuvor 55);114.9 (zuvor166.8);hinunter am Bösen Hof, auf dem Rinderfelder Ackerfeld;38;;;weiß;GB;;3;;G. GR;46;138.9;Eckstein / rechts schief abwärts neben Gemeindefeld Bischofsheim und Privatfeld GRF;39;;36;;rot, rau, R.F., steht auf der Gränzenhof Wüstung neben Joseph Boith von GRF
347;Großrinderfeld;;;;;;;;;;;;;;84,3;;;;;;;;;?;;NB2: darzwischen bd. findet sich ein weißer Güterstein, der den cartheuser (?) Hoff von d Marckung alhir scheidet, wie im rathsbuch protocolliert zusehen de Anno 1612, den 7. Septembris;85;1613;;rot;;x;3;;;53;193.45;außen Gemeinfeld;86;1613;gehauen;rot;;x;3;;;48;175.2;im Almende (?) Acker/ NB: ???;89;1613;gewölbt;rot;;x;3;x;;50;182.5;auf Gemeindefeld;22;1613;;;;x;3;x;;65;194.4;hinunter am Bösen Hof auf einer Wüstung;39;1613;;rot;;x;3;x;RF;30;92.04;Eckstein / links hinaus neben dem Gemeindefeld Bischofsheim und Privatfeld GRF, oberhalb der neuen Straße am Bösen Hof;38;1613;60;;rot, Kreuz, R, 2 Schuh ober der Erde, auf der Grenzen-Hof Wüstung
348;Großrinderfeld;;;;;;;;;;;;;;;;;;;;;;;;;;;;;;;;;;;;;;;;;;;;;;;;;;;;;;;;;;;;;;;;;;;;;;;;;;40;;;weiß;GB;;3;;G. GR;22;70.5;Eckstein / rechts über die Straße abwärts, neben Bischofsheimer Gemeindefeld und GRF-Privatfeld;;;;;
349;Großrinderfeld;199 (evtl.);https://photos.app.goo.gl/tpKqZSEBkDSTHXUH8;? (versetzt, heute beim Industriegebiet, oberhalb der Landstr.);;;;;;;;;;;;;;;;;;;;;;;86;1616 / der alte Stein ohne Zahl;;;x;x;3;;;92;335.8;forthan zween Stein neben dem Weeg gegen Baümmar (Paimar) zu;87;1616;;;;x;;x;;87;317.55;oberhalb vom Rinderfelder Graben oder Grünsfeldhäuser Pfad (?) / NB: ??? (Gemarkungsgrenze?);90;1616;gewölbt;;x;x;3;x;R:F:;85;310.25;;23;1872;;;Inschrift;x;3;;Inschrift & 1872;49;148.5;hinunter gegen den Dreimärker / neu gesetzt worden den 4.1.1873;41;1872;;rot;Inschrift;x;3;;Inschrift 1872;32;98.7;Eckstein / links abwärts neben Gemeindefeld Bischofsheim und GRF-Privatfeld;;;;;
350;Großrinderfeld;;;;;;;;;;;;;;;;;;;;;;;;;;;;;;;;;;;;;;;;;;;;;;;;;;;;;;;;;;;;;;;;;;;;;;;;;;42;;;weiß;GB;;3;;G. GR;4;20.25;Eckstein / rechts ab neben Gemeindefeld Bischofsheim und GRF-Privatfeld, am Graben / von hier aus scheidet die Grabenmitte bis zum Dreimärker;;;;;
351;Großrinderfeld;;;;;;;;;;;;;;;;;;;;;;;;;;;;;;;;;;;;;;;;;;;;;;;;;;;;;;;;;;;;;;;;;;;;;;;;;;43;;;weiß;GB;;3;;G. GR;;;Läuferstein / links abwärts neben Privatfeld Bischofsheim und Graben, rechts des Grabens;;;;;
352;Großrinderfeld;;;;;;;;;;;;;;;;;;;;;;;;;;;;;;;;;;;;;;;;;;;;;;;;;;;;;;;;;;;;;;;;;;;;;;;;;;44;;;weiß;GB;;3;;G. GR;;;links abwärts neben dem Graben und GRF-Privatfeld;;;;;
353;Großrinderfeld;;;;75;1400;;;;x;;;;An der Weiden (Winden?) genannt;84,6;1400;;;;x;;;;?;;NB: alhier unwägs Alter, so Zeuchnus, mangnet ein Stein mit Jahrzahl 1400, uff d Seiten mit einem Rath, an d. Winden Gut stehend;87;1400;;rot;;x;1;x;;21;76.64999999999999;fürter hin dem Grund hinnab ein rother Stein oben an dem Graben der Wirenen genannt;;;;;;;;;;;;;;;;;;;;;;;;;;;;;;;;;;;;;45;;;weiß;GB;;3;;G. GR;31;93.96;Läuferstein / neben dem Graben abwärts, links des Grabens und Privatfeld GRF;;;;;
354;Großrinderfeld / Grünsfeldhausen;198;https://photos.app.goo.gl/uZVcUdkEhdM324P8A;N 49.63728806 E 9.72589806;76;;;;;;;;;3-Märker (?) / die zween Stein so beyeinander stehen, auch auf dem Hoff genannt, die scheiden Bischoffsheimer und Rinderfelder Marckung und gehen Grünsfeldhäuser hier nun darzu;85;;;;;;;x;;145;529.25;"vortahn zween Stein beyeinander uffdem Hoffgut, Bischoffsheimer und Rinderfelder Marckung scheiden, ohn Zahl und oben mit Creutzen; gehen Grünsfeldhausen gar nit ahn";88;;;;;verschiebtes (?) Rath;3;x;leuchtenberg-Wappen;23;83.95;3-Märker / vom Grund hinab unter dem Besselberg ein Stein / so Bischofsheimer und Grünsfeldhäuser Markung scheidet / NB: muss erhöhet werden unter anderem;88;???;breit;rot;;x;;;;?;;Grünsfeldhäuser ??? / Jahrzahl ist ohnerkenntlich;90,5;;alter kleiner Markstein;;;großes Rad;;;;0.25;0.9125;3-Märker / Ergänzung zu 90: dagegen ein alter kleiner Markstein mit großem Rad, neben Jacob Seelman von Bisch. / dieser ist ein Dreimärker mit Grünsfeldhausen;24;1846;dreieckig;rot;Inschrift;x;3;;Inschrift & 1846;59;178.95;3-Märker / steht auf Johann Geiger Acker, links des Paimar Weg;46;1846;;rot;Inschrift;x;3;;jew. Inschrift & 1846;7;22.89;3-Märker / neben dem Graben abwärts, rechts des Grabens, am Paimarer Weg;37;1616;73;;Kreuz, BBB, R, G.F.H., 1.5 Schuh ober der Erd
355;Großrinderfeld / Grünsfeldhausen;197;https://photos.app.goo.gl/qSrhCtZevbkokJRz6;N 49.63691306 E 9.72521806;77;;;;;;;;;(=76a) / der Stein für das Bickig hinaus scheidet Bischoffsheimb und Rinderfeld, geht Grünsfeldhausen gar nichts ahn, sie haben auch kein eigene Scheid nach Marckung;85a;;;;;;;x;;?;;"(Stein 1 von 85) / vortahn zween Stein beyeinander uffdem Hoffgut, Bischoffsheimer und Rinderfelder Marckung scheiden, ohn Zahl und oben mit Creutzen; gehen Grünsfeldhausen gar nit ahn";;;;;;;;;;;;;;;;;;;;;;?;;;91;ohne;breit;rot;;großes Rad;3;;nichts;21;76.64999999999999;an kleiner Anhöhe;1;1857;;rot;Inschrift;x;3;;1857;27;80.7;Eckstein / vom Dreimärker links des Paimarer Wegs gerade abwärts ins Grundfeld, auf dem Acker des Georg Nuß;;;;;;;;;;;;;;;;;
356;Großrinderfeld / Grünsfeldhausen;;;;78;;;;;;;;;(=76b) / der ander Stein unter den zweyen beyeinander stehenden Steinen zwischen Ersten scheidet auch Bischofsheim und Rinderfeldt;85b;;;;;;;x;;?;;"(Stein 2 von 85) / vortahn zween Stein beyeinander uffdem Hoffgut, Bischoffsheimer und Rinderfelder Marckung scheiden, ohn Zahl und oben mit Creutzen; gehen Grünsfeldhausen gar nit ahn";;;;;;;;;;;;;;;;;;;;;;?;;;92;ohne;hoch gewölbt;;;x;1 BH;x;Lilie mit G:F:;55;200.75;Grünsfeldhäuser Seite eine Lilie mit G:F:;2;;;weiß;;x;3;;G.F.;68;205.05;das Grundfeld rechts herunter;;;;;;;;;;;;;;;;;
357;Großrinderfeld / Grünsfeldhausen;xx5 (evtl.);https://photos.app.goo.gl/Yvte7Qs7AJjWYupN8;? (verschwunden, nur noch Skizze vorhanden (Jahreszahl dort passt zu keinem Steiun im Grundfeld, aber Beschreibung gut zu diesem 1680er));;;;;;;;;;;86;1400;;;x;x;1;x;;21;76.64999999999999;furder den Grund hinab oben an dem Graben und dem Windengut ...;;;;;;;;;;;;;90;1680;ahngehoben;rot;;x;3;;;?;;beym Grünsfeldhäuser Graben (?);93;1680;gewölbt;rot;;x;3;x;nichts;50;182.5;auf Martin Weinigs Acker;3;1680;;rot;;x;3;;;64;191.55;herunter ins Grundfeld links des Grabens auf dem Acker des Franz Waigand von Grünsfeldhausen;;;;;;;;;;;;;;;;;
358;Großrinderfeld / Grünsfeldhausen;192;https://photos.app.goo.gl/WwwbBh3me5sxqH8v8;N 49.62921806 E 9.72362306;79;1564;;;;;;;:R:;der Stein beim Friedreit scheidet Bischofsheim und Rinderfeldt;86,5;1564;;;;;;;R;?;;NB: Der Stein beim Friedeg (?)...(seite abgerissen)...Rinderfeld, hat an ZifferZahl 1564 uff einer Seiten und Buchstaben R;;;;;;;;;;;;;91;-;breit;rot;;x;3;x;;124;452.59999999999997;im Grund / ohne Jahrzahl;94;ohne;breit;rot;;2x;3;x;Leuchtenberg-Wappen;113;412.45;...oben Rad und unten zu der Erde ein Rad / an Michel Betz von Grünsfeldhausen Acker stehend;4;1857;;rot;Inschrift;x;3;;Inschrift & 1857;59;175.8;herunter im Grundfeld rechts des Grabens auf dem Gemeindefeld;;;;;;;;;;;;;;;;;
359;Grünsfeldhausen / Großrinderfeld;;;;80;;;;x;x;;;leuchtenberg Wappen;fürter den Grund hinein beym Graben steht ein Stein mit gehauenen Wappen uff Bischoffsheimb zu mit einem Rath und uff Grünsfeld zu leuchtenpergisch Wappen, scheidet Bischoffsheimb und Grünsfeld;87;;;;x;x;;x;leuchtenberg-Wappen;231;843.15;Den Grund hinab underm Besselberg ein Stein gegen Bischofsheim zu mit einem Schildten Rath, Grünsfeld oben dem leuchtenbergisch Wappen, oben ein Creutz / NB: Bischoffsheim und Grünsfeldhäuser Marckung scheidet;;;;;;;;;;;;;92;???;breit;rot;x;x;3;x;;170;620.5;im Grund hinten / Jahrzahl ohnkenntlich;;;;;;;;;;;;;;;;;;;;;;;;;;;;;;;;;;;;;;;;;
360;Grünsfeld;xx9 (unsicher);https://photos.app.goo.gl/maDMY4DgUupo2qyv8;? (verschwunden, nur noch Skizze vorhanden);81;;;;;;;x;;fürter den Berg hinauf stehen zween Stein beyeinander mit gehauenem Creutz, auch Bischoffsheimb und Grünsfeldt scheiden;88;;;;;;;;;?;;NB (zu 88,5): zwischen diesem und obigem Stein soll noch einer im Holz stehen;89;;;;;;;;;?;;NB (zu 89,5): zwischen diesem und vorigem soll noch einer im Holz stehen / NB2: Hier zwischen befindet sich ein Stein, an den gezweifelt würd. Soll künftig gehoben werden.;93;;gehauen;weiß;;;;x;;18;65.7;am Hügel (?) im Holz;;;;;;;;;;;;;5;1858;;;Inschrift;x;3;;jew. Inschrift;85;256;3-Märker / im Grundfeld herunter links des Grabens unten am Besselberg;;;;;;;;;;;;;;;;;
361;Grünsfeld;191;https://photos.app.goo.gl/5gyjhNqugG54YwvR7;N 49.62847232 E 9.72317045;;;;;;;;;;;;;;;;;;;;;;;;;;;;;;;;;;;;;;;;;;;;;;;;;;;;;;;;;;;1;1873;viereckig;weiß;;x;3;;GGG & 1873;36;109.5;im Grundfeld links des Grabens unten am Beßelberg herunter gemessen, neben dem Gemeindewald Grünsfeld & Bischofsheimer Gemeindefeld / ist neu gesetzt worden den 13.1.1873;;;;;;;;;;;;;;;;;
362;Grünsfeld;190;https://photos.app.goo.gl/nMTUFHWWS5Syq45FA;N 49.62729972 E 9.72328806;;;;;;;;;;;;;;;;;;;;;;;;;;;;;;;;;;;;;;;;;;;;;;;;;;;;;;;;;;;2;1857;;rot;Inschrift;x;3;;Inschrift & 1857;51;151.8;hinunter im Grundfeld links des Grabens;;;;;;;;;;;;;;;;;
363;Grünsfeld;;;;;;;;;;;;;;;;;;;;;;;;;;;;;;;;;;;;;;;;;;;;;;;;;;;;;;;;;;;;;;3;1873;viereckig;weiß;;x;3;;GGG & 1873;35;105;unter dem Gemeindewald Grünsfeld gemessen und Wüstung / ist neu besetzt worden den 13.1.1873 / NB (neben 4): Von 3 bis 3 1/2 hinunter links des Grabens im Grundfeld ein weißer viereckiger Stein (48 Ruthen oder 144 Meter). Ist neu gesetzt worden den 13.1.1873 (siehe Seite 109);;;;;;;;;;;;;;;;;
364;Grünsfeld;189;https://photos.app.goo.gl/DiSecYS7DQ4KhUPw8;N 49.62354806 E 9.72265806;;;;;;;;;;;;;;;;;;;;;;;;;;;;;;;;;;;;;;;;;;;;;;;;;;;;;;;;;;;4;1857;;rot;Inschrift;x;3;oben ein Stumpfwinkel;Inschrift & 1857;52;155.4;Eckstein / hinunter im Grundfeld rechts des Grabens / NB (auf Seite 30 der Transkription): Der Gemarkungsstein Nr4 am Grundfeld unten am Eck neben dem Graben, ist durch das hohe Wasser im Jahre 1875 herausgerissen worden und wurde wieder gesetzt ... am 23.5.1876, ist ... auf einen besseren Platz gesetzt worden;;;;;;;;;;;;;;;;;
365;Grünsfeld;;;;81,5;;;;;;;x;;fürter den Berg hinauf stehen zween Stein beyeinander mit gehauenem Creutz, auch Bischoffsheimb und Grünsfeldt scheiden;88,5;1406;gefirt;rot;;x;3;x;;172 ?;627.8;zunad des Beßelberg den Grundt herunder an dem Graben und Eckh ein gefirter Stein und ohngefehrlich Spannen hoch noch über Erden;89,5;1406;viereckig;;;x;3;x;;172;627.8;zu Endt des Besselbergs den Grund hinnunter an dem Grab und Eck ein viereckiger Stein, zwei Schuh unter der Erde;;;;;;;;;;;;;95;1406;nieder;rot;;x;3;x;Leuchtenberg-Wappen;?;;bei dem Schaaftrieb und tiefenthaler Graben;5;1873;;weiß;;x;3;;GGG & 1873;22;65;rechts hinauf zwischen dem Gemeindewald Bischofsheim und Grünsfeld / neu gesetzt worden den 13.1.1873;;;;;;;;;;;;;;;;;
366;Grünsfeld;;;;;;;;;;;;;;;;;;;;;;;;;;;;;;;;;;;;;;;;;;;;;;;;;;;;;;;;;;;;;;6;;viereckig;;;x;3;;G No.2;31;94.5;links hinauf zwischen dem Grünsfelder Gemeindewald und Bischofsheimer Gemeindewald auf die Höhe ein viereckiger Waldstein, welcher als Markungsstein befunden wurde Nr.19;;;;;;;;;;;;;;;;;
367;Grünsfeld;188;https://photos.app.goo.gl/wGzGi32iR2mZmJHZA;N 49.62230139 E 9.72010139;;;;;;;;;;;;;;;;;;;;;;;;;;;;;;;;;;;;;;;;;;;;;;;;;;;;;;;;;;;7;1769;;weiß;;x;1;;G & Stadtwappen (Lilie);31;93.9;hinauf die Höhe zwischen Bischofsheimer und Grünsfelder Gemeindewald;;;;;;;;;;;;;;;;;
368;Grünsfeld;;;;;;;;;;;;;;;;;;;;;;;;;;;;;;;;;;;;;;;;;;;;;;;;;;;;;;;;;;;;;;8;;viereckig;rot;;x;1;;G No.4;18;53.4;hinauf zwischen dem Gemeindewald Bischofsheim & Grünsfeld ein roter viereckiger Waldstein, welcher als Gemarkungsstein befunden wurde No.17;;;;;;;;;;;;;;;;;
369;Grünsfeld;187.2;https://photos.app.goo.gl/s9iBfTnVqGTcHdKi8;N 49.621419 E 9.719029;82;;;;;;;x;;uff der Ebenet oder Flech steht ein Stein oben mit einem gehauenen Creutz;89;;;;;;;;;99;361.34999999999997;von diesem nechst uff der Höhe ein großer viereckiger Stein mit einem Rath, 3 b, andererseits leuchtenbergisch Wappen, Jahrzahl beyderseits;90;1308;groß;rot;;x;3;;leuchtenberg-Wappen 1308;91;332.15;die Höhe durch den Wald hinauf ein großer rother Stein mit einem Rath und 3 B. Anderseits leuchtenbergische Wappen, beiderseits Jahrzahl 1308.;94;1308;groß;rot;;x;x;;Grünsfelder Wappen 1308;?;;weiter oben auf der Höhe beim Grünsfelder Holz;96;1308;hoch;rot;;x;3;x;Leuchtenberg-Wappen & 1308;97;354.05;zwischen Grünsfelder Thannen und dem gemeindfeld;9;1308;;rot;;x;3;x;Grünsfelder Jahrzahl beschädigt;21;62.7;zwischen dem Gemeindewald Bischofsheim & Grünsfeld;;;;;;;;;;;;;;;;;
370;Grünsfeld;186;https://photos.app.goo.gl/D8bpYa7SMWGYa3Lw5;N 49.62076472 E 9.71788000;;;;;;;;;;;90;;;;;x;;x;;?;;von dannen unweit vom Grünsfelder Pfadt uffdem Ebenet;91;;klein;;;x;;x;;44;160.6;von Dannen ohn weit von Grünsfelder Pfad auf der Ebend;95;;;weiß;;;;x;;43;156.95;fortan... / Creutz ohne weiter (Inschrift?);97;1224;kleiner euhener (?) Stein;;;x;;x;nichts;37;135.04999999999998;in den Thannen stehend, 8 Ruthen bis ans feld;10;1815;;weiß;;x;;;G No.7;37;110.55;zwischen dem Gemeindefeld Bischofsheim, Gemeindewald Grünsfeld;;;;;;;;;;;;;;;;;
371;Grünsfeld;184;https://photos.app.goo.gl/ScRxyieLybKUZ2M66;N 49.61988306 E 9.71638972;;;;;;;;;;;;;;;;;;;;;;;;;;;;;;;;;;;;;;;;;;;;;;;;;;;;;;;;;;;11;1769;;weiß;;x;1;;S.G. 9 & Stadtwappen (Lilie) & 1769;51;152.85;zwischen dem Gemeindefeld Bischofsheim und Gemeindewald Grünsfeld, am Grünsfelder Pfad;;;;;;;;;;;;;;;;;
372;Grünsfeld / Dittigheim;182.2;https://photos.app.goo.gl/WQ2SZ1cMudGJ5SCBA;? (steht heute vorm Schloß);83;;;;;;;;;3-Märker / Ahn Seit des Grünsfeldter Pfadts steht ein dreyecketer Stein, da kombt Bischoffsheimb - Grünsfeldt und Dittigheim zusammen;91;1572;;;;x;;;landgräflich Schild, darin 3 L / 3 D;75;273.75;3-Märker / auf der Höhe naher Dittigheim ein dreyeckiger Stein, scheid. Grünsfelder, Dittigheimer und Bischoffsheimer Marckung, Rath und dem landgräflich Schildt darin 3 L und auf der dritten Seiten drey D, die Jahrzahl 1572;92;1572;;weiß;;x;;;landgräfl. Schild GGG / DDD;75;273.75;3-Märker / auff der Höhe nacher Dittigheim ein dreyseitiger weißer Stein, so Grünsfeld, Bischofsheim und Dittigheim scheid, mit Rath, landgräflichem Schild, dann 3 GGG und Dittigheimer Seitten 3 DDD. Jahrzahl 1572.;96;1572;;;;x;;;3G & Grünsfelder Wappenschild 1572 / 3 D Schild;?;;3-Märker;98;1572;dreieckiger harter Stein;;x;x;3;;GGG 1572 / DDD 1572 Leuchtenberg Wappen;82;299.3;3-Märker / dreieckiger Stein / anst. ??? Erbens (?) Gemeindfeld Acker;12;;dreieckig;weiß;;x;3;x;3G bzw 3D;73;218.25;auf dem Ackerfeld in der Steinmauer ein weißer dreieckiger Stein;;;;;;;;;;;;;;;;;
373;Dittigheim;;;;;;;;;;;;;;92;;klein;;;;;x;;57;208.04999999999998;furder hinaus im Scheckart ein gerings Steinlein, oben ein Creutz, sonst kein Zeichen;93;;gering;;;;;x;;67;244.54999999999998;fürter nauf im Scheckart ein gering Steinlein oben ein Creüz sonst kein Zeichen;97;;;weiß;;;;x;;63;229.95;;99;1716;gewölbt;weiß;x;x;3;;Schild DDD 1716;64;233.6;neben Anton Breitenbach;1;1716;;weiß;;x;3;x;DDD & 1716;82;246.6;vom Dreimärker im Mosie in einer Steinmauer bis Stein 1 gemessen rechts hinüber neben dem Gemeindefeld Bischofsheim;;;;;;;;;;;;;;;;;
374;Dittigheim;;;;84;;;;;x;;;:D:;uff der Höhe ahm Rinderfeldter Weeg steht ein Stein hat uff der einen Seit ein Rath und uff der anderen den Buchstab :D:;93?;1569;;;;x;3;;D-Schild;?;;weiter den Scheckart herein;94;1569;;rot;;x;3;;D;39;142.35;weitter den Scheckart herrein;98;1569;groß;rot;;x;3;x;3D Schild;?;;;100;1569;breit;rot;x;x;3;x;1569 Leuchtenberg-Wappen;39;142.35;Anst.: Hbr. (?) Gunckel;2;1569;;rot;;x;3;x;1569;48;143.1;links ab am Gewann der Dittigheimer Ackerfeld;;;;;;;;;;;;;;;;;
375;Dittigheim;;;;85;;;;;x;;;D;fürter hinauf steht ein Stein mit einem Rath und einem D;94?;1569;länglich;;;x;;;D-Schild;74;270.09999999999997;besser herein;95;1569;länglich;weiß;;x;;;D-Schild;76;277.4;besser herrein;99;1569;;weiß;;x;;;D-Schild;63;229.95;;101;1569;kleiner breiter Sandstein;weiß;x;x;;x;DDD 1569;75;273.75;? / soll ein neuer daneben gesetzt werden;3;1863;;rot;Inschrift;x;3;;Inschrift & 1863;94;280.8;links hinüber unterhalb des Gemeindefelds Bischofsheim;;;;;;;;;;;;;;;;;
376;Dittigheim;176;https://photos.app.goo.gl/6WKY7HCqM2q7HQv58;N 49.62150331 E 9.70359452;86;;;;x;x;;;D;im Scheckert ahn Rhein;95?;1598;hoch;rot;;x;3;;landgräfl. Schild, 2 L;99;361.34999999999997;herein auf Dittigheim zu auf dem Büchelberg oder Brauchenleiden;96;1598;hoch;rot;;x;3;;landgräfl. Schild, 2 L;68;248.2;herrein auf Dittigheim zu im Brachenleyden;100;1598;groß hoch;;;x;3;;D-Schild;?;;fürter gegen den Brachenleiten am Feld;102;1598;gewölbt;rot;?;x;3;;1598 Schild Leuchtenberg-Wappen LLL;64;233.6;neben Ludwig S...? Wiitb und Jacob R...? von Dittigheim;4;1598;;rot;;x;3;x;Ortswappen F.L.;82;246.9;links im Mosie herauf unterhalb dem Gemeindefeld im Rain;;;;;;;;;;;;;;;;;
377;Dittigheim;175;https://photos.app.goo.gl/b9oEPtrunSDV4qhe8;N 49.62078451 E 9.70235889;;;;;;;;;;;;;;;;;;;;;;;;;;;;;;;;;;;;;;;;;;;;;;;;;;;;;;;;;;;5;1863;;rot;Inschrift;x;3;;Inschrift & 1863;73;218.1;links herein gegen das Brachenleiden auf dem Gemeindefeld Bischofsheim;;;;;;;;;;;;;;;;;
378;Dittigheim;174;https://photos.app.goo.gl/8rejgUFzQ1vC8Z4Z9;N 49.62008993 E 9.70014331;87;;;;;;;x;;zween Stein am Schecken uff der Höhe mit Creutz gezeichnet;;;;;;;;;;;0;;97;1590;;rot;;x;3;;;101;368.65;fürterhin im Brachenleyden in der Wüstung;101?;???;groß hoch;rot;;x;;;Leuchtenberg-Wappen;98?;;im Gemeinfeld / Jahrzahl ohnkenntlich;103;1590;gewölbt;rot;;x;3;x;1590 Leuchtenberg-Wappen LLL;92;335.8;Anst. Jörg Reuther v. Dittigheim seits, Bisch. seits Gemeindfeld;6;1590;;rot;;x;3;x;Ortswappen F.L. & 1590;52;157.2;links unterhalb dem Gemeindefeld Bischofsheim Brachenleiden wohir;;;;;;;;;;;;;;;;;
379;Dittigheim;;;;88;;;;;;;x;;zween Stein am Schecken uff der Höhe mit Creutz gezeichnet;;;;;;;;;;;0;;;;;;;;;;;;;;;;;;;;;;;;;;;;;;;;;;;;;;;;;;;;;;;;;;;;;;;;;;;;;;;;;;
380;Dittigheim;154.4;https://photos.app.goo.gl/jXHhnoyPZ1NjiKxw8;? (steht heute vor dem Schloß);89;;;;;;;x;;im Schweckert in einer jungen Weingärts-Setz, do der Acker etwa zehend gewest, steht ein Stein mit einem Creutz;96?;1569;hoch;;;x;3;;;48;175.2;furter im Brauchenleiden in Jacob Stahlen, des Fluhrschützen zu Bischofsheim Weingart ein alter hoher Stein...;98;1569;;rot;;x;3;;D-Schild;49;178.85;weiter hinab auf Wüstung;102;1569;breit;rot;x;x;3;;???;48;175.2;;104;1569;breit;rot;x;x;3;x;D Wappen;45;164.25;Anst. Barthel Müller, dittigheimer seits Andreas Adelmann;7;1569;;rot;;x;3;x;D & 1569;59;176.1;Eckstein / links abwärts gegen Brachenleide oberhalb dem Weinberg des Gottfried Schimpf von Dittigheim;;;;;;;;;;;;;;;;;
381;Dittigheim;172;https://photos.app.goo.gl/evqipSkpM9g2pWnN9;N 49.61862844 E 9.69754108;90;;;;x;x;;;D;von diesem Stein herab uff dem Schlüssel;97?;1604;;rot;;x;3;;D-Schild;42 ?;153.29999999999998;weiter hinab und in Asmus Kempfen Weingarten;99;;;;;;;;;;;gehet ab;103;1604;dick;rot;;x;3;x;1604 D-Schild;42;153.29999999999998;NB: ...? ein Stein sein...?;105;1604;gewölbt;rot;;x;3;x;Leuchtenberg-Wappen D 1604;?;;Anst. Paul Weinigs von Dittigheim Weinberg stehend;8;1604;;rot;;x;3;x;Wappen & 1604;52;157.2;Eckstein / links im Brachenleiden, in den Weinbergen Berg abwärts, unterhalb den Weinbergen;;;;;;;;;;;;;;;;;
382;Dittigheim;;;;91;;;;;;;x;;ahn Peter Stichens (?) Weingart oben dem äußern Graben;;;;;;;;;;;;;;;;;;;;;;;;;;;;;;;;;;;;;106;;;rot;;x;;x;nichts;38;138.7;steht tief in der Erde;;;;;;;;;;;;;;;;;;;;;;;;;;;;;
383;Dittigheim;169;https://photos.app.goo.gl/BWHka1WwAMJJDufu9;N 49.61899646 E 9.69288031;92;;;;x;x;;;D;auf Lenhard Weinigs und Jacob Wüsten Acker schier oben ahm Eck bey Melchior Flay (?) Weingart;98?;1569;breit hoch;;;x;3;;D-Schild;92;335.8;Den Grund herein uff Dittigheim, uff Hans Wagners (Wengerts?) von Bischoffsheim Acker;100;1569;groß;;;x;3;;D-Schild;44;160.6;fürterhin in Brauhenleyden unternhalb Weingarth;104;1569;hoch;rot;;x;3;;D-Schild;?;;;107;1569;hoch;rot;x;x;3;x;1569 Schild D;48;175.2;Anst.: Spitalmeister Müller dittigh. seits;9;1569;;rot;;x;3;x;;109;328.5;rechts herein unten an Brachenleiden Weinbergen im Thal, auf dem Ackerfeld;;;;;;;;;;;;;;;;;
384;Dittigheim;166;https://photos.app.goo.gl/Tq94btVWxZXae3H76;N 49.61782008 E 9.69086945;93;;;;;;;x;;im Graben bei Branders Garthen uff der anderen Seite Thoma Baumans Acker;99?;;spitzig;weiß;;;;x;;61;222.65;zwischen ? Wohlfarts Garten und Hans Wagners Acker ein spitziges weißes Steinlein oben mit einem Creutz und sonst keinem Zeichen;101;1655;neu;rot;;x;3;;;58;211.7;im Daubenthal ein neuer Rother;105?;1655;;;x;x;;;-;?;;...underm Daubenthal;108;1655;hoch gewölbt;rot;x;x;3;x;nichts;55;200.75;zwischen Jo. (?) Ambtschreiber (?) J...? und Nicolaus Lipp;10;1655;;rot;;x;3;x;D;72;216;im Taubenthal auf einem Dittigheimer Acker unterhalb des Weinbergs Wegs;;;;;;;;;;;;;;;;;
385;Dittigheim;164;https://photos.app.goo.gl/C1tvDUw2hvdHxZfz8;N 49.61677651 E 9.68868670;94;;;;;;;x;;uff Bastian Ochsens Acker zween Stein in Häcken bey dem Weingart hat ein Creutz, der unter Stein gegen den Graben zu hat Bischoffsheimer Wappen uff der andern Seite :D:;;;;;;;;;;;;;;;;;;;;;;;;;;;;;;;;;;;;;109;;rauher Feldstein;weiß;;;;x;;?;;oben im Rain / NB: soll gehoben werden und noch ordentlich zu beschreiben;11;1863;;rot;Inschrift;x;3;;Inschrift & 1863;47;141.9;im Weinberg im Taubental;;;;;;;;;;;;;;;;;
386;Dittigheim;161;https://photos.app.goo.gl/eMqaEACvVeCFLm1e6;N 49.61670000 E 9.68752139;94,5;;;;x;x;;;:D:;uff Bastian Ochsens Acker zween Stein in Häcken bey dem Weingart hat ein Creutz, der unter Stein gegen den Graben zu hat Bischoffsheimer Wappen uff der andern Seite :D:;100?;1569;hoch;rot;;x;3;;D-Schild;62;226.29999999999998;im Dabenthall... under Enscher (?) Waltz Weingarten;102;1569;;rot;;x;3;;D-Schild;63;229.95;fürter im Daubenthal auffm Acker;106;1569;breit;rot;x;x;;;;61;222.65;furter hinab nit (?) weit vom Graben / NB: ???;;;;;;;;;;;;;12;1569;;rot;;x;3;x;D & 1569;27;80.4;links herunter oben den Weg im Taubenthal;;;;;;;;;;;;;;;;;
387;Dittigheim;157;https://photos.app.goo.gl/5EbTaQGu4cGyTEQw7;N 49.61681060 E 9.68451748;95;;;;;;;x;;im Daubenthal am Eck oder Krugi (?) Acker unden am Weingart;101?;1588;hoch;rot;;x;3;;D-Schild;64;233.6;baßen nacher Didigheim...uff Martin Scheffers Acker;103;1588;;;;x;3;;D-Schild;66;240.9;besser nacher Dittigheim;107;1588;groß;rot;x;x;;;D-Schild;?;;...Weingart Feld;110;1588;hoch gewölbt;rot;x;x;3;x;Schild D;62;226.29999999999998;Anst. David Steinam;13;1588;;rot;;x;3;x;D-Schild;79;236.1;hervor am untern Taubenthal oberhalb des Wegs;;;;;;;;;;;;;;;;;
388;Dittigheim;156;https://photos.app.goo.gl/wTADxGwM5uiz4UpPA;N 49.61657190 E 9.68135364;96;;;;;;;x;;im Daubenthal obwendigs Weegs in Cunich Döners inwendig Hans Steigleders Weingart;102?;1569;viereckig;rot;;x;3;;D-Schild;46;167.9;mehr hinab... in Hans Schefers Witiben Weingart;104;1569;viereckig;;;x;3;;D-Schild;46;167.9;mehr  hinab / Bey Hanns Georg Göbells Weingarth;108;1569;breit;rot;;x;3;;D-Schild;?;;im...?;111;1569;breit;rot;x;x;3;;Schild D;44;160.6;steht in Frantz K...? (R...?) Weinberg ober dem Weeg;14;1569;;rot;;x;3;;D-Schild & 1569;55;166.5;hervor im untern Taubenthal oberhalb des Wegs;;;;;;;;;;;;;;;;;
389;Dittigheim;155;https://photos.app.goo.gl/pwMoAHJ3p9N3s9xeA;N 49.61635163 E 9.67899712;97;1569;;;x;x;;;D;im Mentalas Grund bey Veit Naubichs Weingart inwendigs haupts steht ein Stein uff einer Ecken mit Bischoffsheimer Wappen und D Ziffer Zahl 1569;103?;1569;hoch;rot;;x;3;;D-Schild;64;233.6;baß herein zwischen Jörg Dieter und Endres Heilman;105;1569;;rot;;x;3;;D-Schild;66;240.9;baß herein / an Hanns Bernd Lommes heimb Weingart;109;1569;;rot;x;x;;;D-Schild 1569;61;222.65;gleich am Weg;112;1569;breit;rot;x;x;3;x;1569 Schild D;62;226.29999999999998;Anst. Martin Liebler;15;1569;;rot;;x;3;;D-Schild & 1569;79;237.9;am Mendlein Weg hervor oben dem Weg im weinberg;;;;;;;;;;;;;;;;;
390;Dittigheim;;;;;;;;;;;;;;104;1590;hoch;rot;;x;3;;D-Schild;37;135.04999999999998;uff Steffan Vogels Acker;106;1590;;rot;;x;3;;D-Schild;36;131.4;auffm Factorischen Acker;110;1590;;rot;x;x;;x;;37;135.04999999999998;...im... Hang?...;113;1590;;rot;x;x;;x;D;35;127.75;neben Bernd Lieblers Acker;16;1590;;rot;;x;3;x;;45;136.35;links des Wegs hinüber am Geiersberg im Ackerfeld im Rain;;;;;;;;;;;;;;;;;
391;Dittigheim;;;;98;1569;;;;x;3;;;unden ahm Geihersberg ober der Straßen ahn einem Baumgarthen steht ein Stein mit gehauenem Rath 3b Ziffer Zahl 1569;105;1569;;rot;;x;3;;D-Schild;49;178.85;unden am Geyersberg nechst der Straßen;107;1646;;rot;;x;3;;Dittigheimer Wappen;48;175.2;unterm Geyersberg;111?;1646;;rot;;x;3;;1646;41;149.65;weiter hinab nah am ... Wehr?;114;1646;gewölbt;rot;;x;3;x;1646 sonst nichts;47;171.54999999999998;Anst. Bernd Liebler;17;1863;;rot;Inschrift;x;3;;Inschrift;66;197.4;Eckstein / hervor links der Landstraße;;;;;;;;;;;;;;;;;
392;Dittigheim;;;;99;1569;;;x;x;3 (?);;D 1569;inwendigs Weegs im Mentala uff der Wiesen nahent beym Graben, steht ein Stein uff der einen Seithen gegen Bischoffsheimb zu den Stadt Wappen gegen Dittigheim zu :D: am dato 1569;106;1569;;rot;;x;3;;D-Schild;18;65.7;uff Hans Waltzen von Destelhausen Wiesen;108;1569;;rot;;x;3;;D-Schild;18;65.7;auf hl (?) Veit Webers Wiesen;112?;;;rot;;x;3;;D-Schild;17;62.05;...?wärts...ahn...? / NB: soll beim Acker hergestellt werden (?);115;;;rot;x;x;;;Schild DD;17;62.05;in Xtapf (?) Müllers Spitalmeisters Schlacht Wiese stehend;18;1706;;rot;;x;3;x;D.G.;36;108.75;Eckstein / rechts abwärts gegen Bischofsheim neben der Landstraße links;;;;;;;;;;;;;;;;;
393;Dittigheim;;;;100;1604 (?);;rot;;;;;;NB: d.21. May ist ein rother Marckstein ahnstatt eines weißen, so durch ein Dittigen Knecht umbgezackert worden zwischen Georg Brümans (?) Acker von Dittigheim und Blasius Heüsles wüstem Weingarthen im Beysein Wilhelm Scheckarts Rentmeister und der vier Landschieder als Stephan Vogels, Michel Jägers, Hans Schehrs, Caspar Stockmeisters und Stephan Thein des Stadtschreibers gesetzt worden Anno 1604. Georg Döner Stadtschreiber;;;;;;;;;;;;;;;;;;;;;;;;;;;;;;;;;;;;;;;;;;;;;;;;;19;;;weiß;;x;3;;;30;89.1;links hinüber gegen die Tauber, in den Wiesen, bei der Tauber, Schlachtgrund;;;;;;;;;;;;;;;;;
394;Dittigheim;;;;;;;;;;;;;;;;;;;;;;;;;;;;;;;;;;;;;;;;;;;;;;;;;;;;;;;;;;;;;;19;;;;;;;;;7;21;...von 19 bis zum neuen Tauber-Fluß / N.19 bis N.20: hier scheid die Tauber;;;;;;;;;;;;;;;;;
